entry_time,exit_time,direction,r_multiple,exit_reason,initial_risk
2016-07-29 09:45:00-04:00,2016-07-29 09:50:00-04:00,1,-1.0506346921638476,stop,1.0707448809816924
2016-08-01 10:15:00-04:00,2016-08-01 10:35:00-04:00,1,-1.0469451559497054,stop,1.1570753293731286
2016-08-25 09:45:00-04:00,2016-08-25 09:50:00-04:00,1,-1.0519237094513212,stop,1.0465021104673724
2016-08-26 10:15:00-04:00,2016-08-26 10:20:00-04:00,1,3.9530018516397547,target,1.1633980424376205
2016-09-22 10:30:00-04:00,2016-09-22 10:40:00-04:00,1,-1.046251637979211,stop,1.1770844670777478
2016-09-29 09:55:00-04:00,2016-09-29 10:05:00-04:00,1,-1.0481539621408413,stop,1.1258042630629461
2016-10-25 09:45:00-04:00,2016-10-25 10:20:00-04:00,1,-1.0594094537242476,stop,0.904043696595636
2016-11-09 09:45:00-05:00,2016-11-09 10:10:00-05:00,1,-1.0092445289295597,stop,5.767966962679111
2016-12-02 10:00:00-05:00,2016-12-02 10:05:00-05:00,1,-1.044701811690181,stop,1.2272056763408727
2016-12-05 09:45:00-05:00,2016-12-05 09:55:00-05:00,1,3.9500356761092497,target,1.1042439208804353
2017-01-18 10:15:00-05:00,2017-01-18 10:20:00-05:00,1,-1.056640061281007,stop,1.00136693131617
2017-02-02 09:45:00-05:00,2017-02-02 09:55:00-05:00,1,-1.0543614795413154,stop,1.0458329427378885
2017-03-08 09:45:00-05:00,2017-03-08 09:55:00-05:00,1,-1.0560526191450195,stop,1.0571281894181084
2017-03-09 09:45:00-05:00,2017-03-09 10:35:00-05:00,1,-1.0507718292802362,stop,1.1641613107303783
2017-03-15 09:55:00-04:00,2017-03-15 10:00:00-04:00,1,-1.069488337387018,stop,0.853022737840547
2017-03-22 09:45:00-04:00,2017-03-22 09:50:00-04:00,1,-1.0389859608399552,stop,1.5025896347638081
2017-03-23 10:35:00-04:00,2017-03-23 11:05:00-04:00,1,3.954604067876393,target,1.2972454966088662
2017-03-24 09:45:00-04:00,2017-03-24 09:55:00-04:00,1,-1.0570384420029661,stop,1.030466581559267
2017-03-27 09:45:00-04:00,2017-03-27 10:40:00-04:00,1,3.9589606526550045,target,1.4211255976383654
2017-04-10 09:45:00-04:00,2017-04-10 09:50:00-04:00,1,-1.0597941401785222,stop,0.9872922991075939
2017-04-12 09:45:00-04:00,2017-04-12 09:50:00-04:00,1,-1.0526031773177411,stop,1.1168346004624254
2017-04-13 09:50:00-04:00,2017-04-13 10:00:00-04:00,1,3.9521933367450335,target,1.2277889567226339
2017-04-17 10:00:00-04:00,2017-04-17 10:15:00-04:00,1,3.9432458683717306,target,1.0311818185568882
2017-04-18 09:45:00-04:00,2017-04-18 09:50:00-04:00,1,-1.049878179917481,stop,1.1747886748398741
2017-05-18 10:00:00-04:00,2017-05-18 14:00:00-04:00,1,3.9737090172349316,target,2.252615926945964
2017-05-19 09:45:00-04:00,2017-05-19 09:50:00-04:00,1,3.948221808723288,target,1.1489509963248565
2017-05-22 09:45:00-04:00,2017-05-22 09:55:00-04:00,1,-1.0602791834511938,stop,0.9913200222613341
2017-06-30 09:45:00-04:00,2017-06-30 09:50:00-04:00,1,-1.053609845753215,stop,1.1324632819710132
2017-07-03 09:45:00-04:00,2017-07-03 10:25:00-04:00,1,-1.0724287210661125,stop,0.8404778451617858
2017-07-10 10:20:00-04:00,2017-07-10 10:35:00-04:00,1,-1.0723420120140514,stop,0.8380751049289756
2017-07-11 10:15:00-04:00,2017-07-11 11:10:00-04:00,1,-1.0906042750096785,stop,0.6693396421819671
2017-07-12 09:45:00-04:00,2017-07-12 09:50:00-04:00,1,-1.0579503149375495,stop,1.0531422111962456
2017-08-14 09:45:00-04:00,2017-08-14 09:50:00-04:00,1,-1.0478138560596335,stop,1.2858958788560813
2017-08-16 10:05:00-04:00,2017-08-16 10:10:00-04:00,1,-1.0534805999651895,stop,1.1545201686208202
2017-08-22 09:45:00-04:00,2017-08-22 11:35:00-04:00,1,3.949416384348734,target,1.2091700496521298
2017-08-25 09:50:00-04:00,2017-08-25 10:00:00-04:00,1,3.9406985161600394,target,1.0341088856266651
2017-08-29 09:45:00-04:00,2017-08-29 10:10:00-04:00,1,-1.0412312645581596,stop,1.4751401292214723
2017-11-15 10:35:00-05:00,2017-11-15 14:00:00-05:00,1,-1.0407870512542192,stop,1.572735935878427
2017-11-16 10:05:00-05:00,2017-11-16 10:35:00-05:00,1,3.9275807885667824,target,0.8911820928656198
2018-01-02 09:55:00-05:00,2018-01-02 10:25:00-05:00,1,3.9354287382647604,target,1.0418037790891503
2018-02-01 09:55:00-05:00,2018-02-01 10:10:00-05:00,1,-1.0274607313075226,stop,2.5668232342745796
2018-02-05 10:00:00-05:00,2018-02-05 10:20:00-05:00,1,3.977942163763817,target,3.126033924393141
2018-02-06 09:45:00-05:00,2018-02-06 10:15:00-05:00,1,-1.0053685108505852,stop,12.298280298088685
2018-02-07 10:05:00-05:00,2018-02-07 13:00:00-05:00,1,-1.0130733338669553,stop,5.170193298539743
2018-02-09 09:45:00-05:00,2018-02-09 09:50:00-05:00,1,-1.01076944335543,stop,6.061534029759969
2018-02-13 10:20:00-05:00,2018-02-13 10:30:00-05:00,1,-1.0209658554925836,stop,3.1541534927664543
2018-02-14 09:50:00-05:00,2018-02-14 09:55:00-05:00,1,-1.0149989079374033,stop,4.4206813988053
2018-03-20 09:45:00-04:00,2018-03-20 09:50:00-04:00,1,-1.034693584248589,stop,1.9607921327815347
2018-03-22 10:10:00-04:00,2018-03-22 10:30:00-04:00,1,-1.020433432236453,stop,3.287320871740576
2018-03-28 10:00:00-04:00,2018-03-28 10:10:00-04:00,1,-1.0158520285234105,stop,4.127874956090636
2018-04-03 09:45:00-04:00,2018-04-03 09:50:00-04:00,1,-1.0269527869636614,stop,2.4074759636955605
2018-04-04 09:50:00-04:00,2018-04-04 10:00:00-04:00,1,-1.0159627199471475,stop,4.043782756074052
2018-04-06 09:50:00-04:00,2018-04-06 10:05:00-04:00,1,-1.0182566334828715,stop,3.627187241975662
2018-04-09 09:50:00-04:00,2018-04-09 10:30:00-04:00,1,3.975732044046658,target,2.712823093944735
2018-04-11 09:45:00-04:00,2018-04-11 09:50:00-04:00,1,-1.0241084778303697,stop,2.7415611006890686
2018-04-12 09:45:00-04:00,2018-04-12 10:45:00-04:00,1,-1.0309831102000317,stop,2.1479353180288854
2018-04-16 10:25:00-04:00,2018-04-16 10:35:00-04:00,1,-1.0386375223196804,stop,1.7301230809089247
2018-04-24 09:45:00-04:00,2018-04-24 09:50:00-04:00,1,-1.0506815084103507,stop,1.3223830312149403
2018-04-26 09:55:00-04:00,2018-04-26 10:05:00-04:00,1,3.9581427973004226,target,1.5880112518143505
2018-04-30 09:45:00-04:00,2018-04-30 09:50:00-04:00,1,-1.0545038924267243,stop,1.2296403474806539
2018-05-01 09:55:00-04:00,2018-05-01 10:00:00-04:00,1,-1.0446203649147858,stop,1.480409050754588
2018-05-04 09:45:00-04:00,2018-05-04 10:25:00-04:00,1,3.9747759414132777,target,2.613068704842135
2018-05-07 09:45:00-04:00,2018-05-07 10:05:00-04:00,1,-1.0436832614681915,stop,1.5323401596583608
2018-05-09 09:50:00-04:00,2018-05-09 09:55:00-04:00,1,-1.0527893875115522,stop,1.2699839940255515
2018-05-29 09:50:00-04:00,2018-05-29 09:55:00-04:00,1,-1.0311202866837408,stop,2.170663599692489
2018-05-30 09:45:00-04:00,2018-05-30 09:50:00-04:00,1,-1.0386941900658586,stop,1.748446114266244
2018-06-01 09:45:00-04:00,2018-06-01 10:15:00-04:00,1,-1.044461221094469,stop,1.5325746431517473
2018-06-18 09:45:00-04:00,2018-06-18 10:00:00-04:00,1,-1.051346310325512,stop,1.3440571336204812
2018-06-19 09:45:00-04:00,2018-06-19 09:50:00-04:00,1,-1.0311056012132778,stop,2.2115207680926687
2018-06-26 10:15:00-04:00,2018-06-26 10:20:00-04:00,1,-1.0385542157915444,stop,1.766260720527498
2018-06-27 09:45:00-04:00,2018-06-27 10:35:00-04:00,1,3.9751312923030104,target,2.757752178362807
2018-06-29 10:00:00-04:00,2018-06-29 10:10:00-04:00,1,-1.0343815456911167,stop,1.9882397024939564
2018-07-02 09:55:00-04:00,2018-07-02 10:10:00-04:00,1,-1.037590496791698,stop,1.7980871349664085
2018-07-03 09:45:00-04:00,2018-07-03 09:50:00-04:00,1,-1.049905965980261,stop,1.3699606787290577
2018-08-01 10:10:00-04:00,2018-08-01 11:10:00-04:00,1,-1.0637781593835207,stop,1.105603768889523
2018-08-02 09:50:00-04:00,2018-08-02 10:15:00-04:00,1,3.9531651774022207,target,1.4987962339923797
2018-08-13 09:45:00-04:00,2018-08-13 09:50:00-04:00,1,-1.042605047484576,stop,1.6653980946580305
2018-08-14 09:45:00-04:00,2018-08-14 09:50:00-04:00,1,-1.0562145064507515,stop,1.2596309152058893
2018-08-16 10:00:00-04:00,2018-08-16 10:05:00-04:00,1,-1.0583396576407456,stop,1.2154791332445711
2018-09-06 09:45:00-04:00,2018-09-06 09:50:00-04:00,1,-1.052022657995584,stop,1.3881711303415614
2018-09-07 09:45:00-04:00,2018-09-07 10:10:00-04:00,1,3.9571268573866765,target,1.6785309769111336
2018-09-10 09:45:00-04:00,2018-09-10 09:50:00-04:00,1,-1.064084091851261,stop,1.1252468462048455
2018-09-11 09:45:00-04:00,2018-09-11 10:05:00-04:00,1,3.9452893398572244,target,1.314551856377875
2018-09-18 09:45:00-04:00,2018-09-18 09:50:00-04:00,1,-1.045900696809164,stop,1.5783334199068122
2018-09-27 09:45:00-04:00,2018-09-27 09:50:00-04:00,1,-1.0670432805780792,stop,1.0860733323379463
2018-10-08 09:45:00-04:00,2018-10-08 10:10:00-04:00,1,3.951439017282127,target,1.487094308959513
2018-10-11 09:50:00-04:00,2018-10-11 10:15:00-04:00,1,-1.0152146294796405,stop,4.566939439780526
2018-10-19 09:45:00-04:00,2018-10-19 10:05:00-04:00,1,3.9702874268539206,target,2.353847880761805
2018-11-06 09:45:00-05:00,2018-11-06 10:05:00-05:00,1,-1.0339347424740002,stop,2.0236745934198552
2018-11-13 09:45:00-05:00,2018-11-13 09:50:00-05:00,1,-1.0257829200424662,stop,2.6567799339759404
2018-11-30 09:45:00-05:00,2018-11-30 09:50:00-05:00,1,-1.0395696979524456,stop,1.7286641809432695
2018-12-28 09:45:00-05:00,2018-12-28 09:50:00-05:00,1,-1.0166835117179596,stop,3.7496347543788033
2019-01-14 09:45:00-05:00,2019-01-14 09:50:00-05:00,1,-1.0373788064477238,stop,1.7239786045356595
2019-01-15 09:45:00-05:00,2019-01-15 10:00:00-05:00,1,3.970454483898546,target,2.2052041156330233
2019-01-16 09:45:00-05:00,2019-01-16 10:30:00-05:00,1,-1.0416513112703853,stop,1.571117618687822
2019-01-17 09:45:00-05:00,2019-01-17 11:05:00-05:00,1,3.9622104528856315,target,1.7327982867650462
2019-01-21 12:05:00-05:00,2019-01-21 12:55:00-05:00,1,0.3809851898665854,session_end,1.2228074407903478
2019-01-23 09:45:00-05:00,2019-01-23 10:00:00-05:00,1,-1.036422024521029,stop,1.818143112564485
2019-01-24 09:45:00-05:00,2019-01-24 09:50:00-05:00,1,-1.029001250455018,stop,2.272370626063548
2019-01-25 09:50:00-05:00,2019-01-25 09:55:00-05:00,1,-1.0376770206491277,stop,1.7651816158809197
2019-01-29 09:45:00-05:00,2019-01-29 10:05:00-05:00,1,-1.0450284248425514,stop,1.4687202906784478
2019-01-31 09:45:00-05:00,2019-01-31 09:50:00-05:00,1,-1.0381098930282588,stop,1.7577976616944397
2019-03-08 09:45:00-05:00,2019-03-08 09:50:00-05:00,1,-1.034200257265365,stop,1.9932927005406782
2019-03-11 09:45:00-04:00,2019-03-11 10:15:00-04:00,1,3.9530717459117244,target,1.4724224738592966
2019-03-26 09:45:00-04:00,2019-03-26 09:50:00-04:00,1,-1.040872302217525,stop,1.7276449185033016
2019-03-28 10:00:00-04:00,2019-03-28 10:50:00-04:00,1,-1.029819245241068,stop,2.358277413716678
2019-05-02 09:45:00-04:00,2019-05-02 10:50:00-04:00,1,-1.0454073073504024,stop,1.6098363187893483
2019-05-06 09:45:00-04:00,2019-05-06 09:50:00-04:00,1,-1.026818595272272,stop,2.7101834904638054
2019-05-08 09:45:00-04:00,2019-05-08 09:55:00-04:00,1,-1.0233601802630505,stop,3.0821251341853895
2019-05-10 09:45:00-04:00,2019-05-10 09:50:00-04:00,1,-1.0225936578610326,stop,3.165795271593197
2019-05-14 09:45:00-04:00,2019-05-14 09:50:00-04:00,1,-1.0307604486191826,stop,2.298115565696662
2019-05-15 09:45:00-04:00,2019-05-15 09:50:00-04:00,1,-1.0309232893979354,stop,2.2798025425095148
2019-05-16 09:45:00-04:00,2019-05-16 10:15:00-04:00,1,3.9694595474984062,target,2.356766657056596
2019-05-27 09:45:00-04:00,2019-05-27 09:55:00-04:00,1,-1.0684048275825164,stop,1.0337015429608982
2019-05-28 09:45:00-04:00,2019-05-28 09:55:00-04:00,1,-1.0327780741530068,stop,2.164537985442621
2019-05-30 09:45:00-04:00,2019-05-30 10:05:00-04:00,1,-1.0423596816263754,stop,1.6487913642936292
2019-07-09 10:00:00-04:00,2019-07-09 11:05:00-04:00,1,3.9428031134725,target,1.2998270986281568
2019-07-18 10:05:00-04:00,2019-07-18 10:10:00-04:00,1,-1.0558447787484062,stop,1.334417111782841
2019-07-22 09:45:00-04:00,2019-07-22 10:10:00-04:00,1,-1.053157882399647,stop,1.4027749470874369
2019-08-01 09:45:00-04:00,2019-08-01 10:20:00-04:00,1,3.962484069627666,target,1.9972406786478132
2019-08-08 09:55:00-04:00,2019-08-08 10:35:00-04:00,1,3.972224080037073,target,2.621359606663191
2019-08-13 09:45:00-04:00,2019-08-13 09:50:00-04:00,1,3.977895448264208,target,3.291526295944095
2019-08-15 09:55:00-04:00,2019-08-15 10:05:00-04:00,1,-1.0109938591461656,stop,6.474219106722558
2019-08-16 10:20:00-04:00,2019-08-16 10:45:00-04:00,1,3.971977689467459,target,2.573248590860203
2019-08-21 09:45:00-04:00,2019-08-21 09:50:00-04:00,1,-1.0446381691806856,stop,1.6390698745499321
2019-08-27 09:45:00-04:00,2019-08-27 09:50:00-04:00,1,-1.0290264870072023,stop,2.4926799904674226
2019-08-28 09:45:00-04:00,2019-08-28 10:40:00-04:00,1,3.9761504052914374,target,3.014620490758716
2019-08-29 09:50:00-04:00,2019-08-29 09:55:00-04:00,1,-1.0364537835230234,stop,2.0033172672233377
2019-09-03 09:45:00-04:00,2019-09-03 10:00:00-04:00,1,-1.0230228451591796,stop,3.1560897766821654
2019-09-04 09:45:00-04:00,2019-09-04 09:50:00-04:00,1,-1.0483732088213922,stop,1.5142829446344876
2019-09-30 09:45:00-04:00,2019-09-30 11:30:00-04:00,1,3.955197098547997,target,1.6619974306649965
2019-10-03 09:45:00-04:00,2019-10-03 09:50:00-04:00,1,-1.0306649598744564,stop,2.3551206066954364
2019-10-04 09:55:00-04:00,2019-10-04 10:30:00-04:00,1,-1.0248767936765477,stop,2.9402934330782955
2019-10-10 09:45:00-04:00,2019-10-10 09:50:00-04:00,1,3.96991343021774,target,2.4361264646772725
2019-12-04 09:45:00-05:00,2019-12-04 16:00:00-05:00,1,-1.0358458245209412,stop,2.1686480801749894
2020-01-08 09:45:00-05:00,2020-01-08 10:30:00-05:00,1,-1.035409361070716,stop,2.2891792144250758
2020-01-27 09:45:00-05:00,2020-01-27 10:00:00-05:00,1,-1.025231731289883,stop,3.217044609514687
2020-01-28 10:00:00-05:00,2020-01-28 10:05:00-05:00,1,-1.0336951296286014,stop,2.4187937560941464
2020-01-30 09:45:00-05:00,2020-01-30 09:50:00-05:00,1,-1.0265643892811978,stop,3.0697739865759104
2020-02-03 09:45:00-05:00,2020-02-03 10:00:00-05:00,1,3.9674949487208377,target,2.507079229730607
2020-02-04 09:45:00-05:00,2020-02-04 10:35:00-05:00,1,3.9611854322956446,target,2.124770114076
2020-02-24 09:45:00-05:00,2020-02-24 10:20:00-05:00,1,-1.0161712974622945,stop,5.023861739866788
2020-02-26 10:40:00-05:00,2020-02-26 11:00:00-05:00,1,-1.0109709244100735,stop,7.2206944086578915
2020-03-26 09:55:00-04:00,2020-03-26 11:25:00-04:00,1,3.9945648239322002,target,11.891188818112369
2020-03-30 10:15:00-04:00,2020-03-30 14:50:00-04:00,1,3.9927331173735228,target,9.00013519049753
2020-04-01 10:05:00-04:00,2020-04-01 10:30:00-04:00,1,-1.0086295007206272,stop,7.239058987258431
2020-04-06 09:45:00-04:00,2020-04-06 09:55:00-04:00,1,3.9860854311936667,target,4.6843747844986865
2020-04-09 09:55:00-04:00,2020-04-09 10:05:00-04:00,1,-1.0075436855347764,stop,9.265380732616904
2020-04-14 09:45:00-04:00,2020-04-14 10:55:00-04:00,1,-1.0144703040582814,stop,4.876273498539831
2020-04-17 10:00:00-04:00,2020-04-17 10:05:00-04:00,1,-1.0137407224075372,stop,5.198611224508113
2020-04-20 09:45:00-04:00,2020-04-20 10:00:00-04:00,1,-1.0150233138713225,stop,4.7169254381042265
2020-04-21 09:55:00-04:00,2020-04-21 10:10:00-04:00,1,-1.0107551778851158,stop,6.443350212628957
2020-04-23 10:20:00-04:00,2020-04-23 11:45:00-04:00,1,-1.016650276904186,stop,4.241864690996863
2020-04-29 09:45:00-04:00,2020-04-29 10:05:00-04:00,1,-1.014362211898764,stop,5.07790021368146
2020-05-04 10:00:00-04:00,2020-05-04 11:00:00-04:00,1,-1.0164569764044045,stop,4.2704426254786085
2020-05-05 09:45:00-04:00,2020-05-05 12:00:00-04:00,1,3.981460169425555,target,3.9053667018279157
2020-05-07 09:50:00-04:00,2020-05-07 10:00:00-04:00,1,-1.0226306861514918,stop,3.1907302068038916
2020-05-08 10:05:00-04:00,2020-05-08 10:10:00-04:00,1,-1.022656313495555,stop,3.2160978508591143
2020-05-13 10:25:00-04:00,2020-05-13 10:45:00-04:00,1,-1.014433842602932,stop,4.956952206917322
2020-05-15 09:50:00-04:00,2020-05-15 10:50:00-04:00,1,-1.0128129311984766,stop,5.52536637065441
2020-05-18 09:45:00-04:00,2020-05-18 09:50:00-04:00,1,-1.0182195297405203,stop,4.033983936794357
2020-06-15 09:50:00-04:00,2020-06-15 11:00:00-04:00,1,3.9886001085923763,target,6.617828594510684
2020-06-18 09:45:00-04:00,2020-06-18 10:30:00-04:00,1,-1.0141424951885918,stop,5.482651718168199
2020-06-22 09:50:00-04:00,2020-06-22 11:00:00-04:00,1,-1.02124117791149,stop,3.6363284716167072
2020-06-30 09:45:00-04:00,2020-06-30 09:50:00-04:00,1,-1.0226626792112685,stop,3.3721193727742502
2020-07-24 10:05:00-04:00,2020-07-24 10:10:00-04:00,1,-1.0235898995066521,stop,3.4075737508428574
2020-07-27 09:45:00-04:00,2020-07-27 09:55:00-04:00,1,3.9660766486708683,target,2.3835460493883147
2020-07-29 09:55:00-04:00,2020-07-29 10:55:00-04:00,1,3.9616854196931524,target,2.1166220182390134
2020-08-20 09:45:00-04:00,2020-08-20 10:50:00-04:00,1,3.9676849900528977,target,2.6124702151187194
2020-09-07 09:45:00-04:00,2020-09-07 09:55:00-04:00,1,-1.025971772750711,stop,3.2947692047027886
2020-09-09 09:50:00-04:00,2020-09-09 10:25:00-04:00,1,3.9821422377506113,target,4.756413580883873
2020-09-10 09:45:00-04:00,2020-09-10 09:50:00-04:00,1,-1.0179412011627904,stop,4.76371514587845
2020-09-14 09:45:00-04:00,2020-09-14 10:05:00-04:00,1,3.9712306029618145,target,2.9495210122304343
2020-09-17 09:50:00-04:00,2020-09-17 10:10:00-04:00,1,3.981308049752464,target,4.4952029346022755
2020-09-23 09:45:00-04:00,2020-09-23 09:50:00-04:00,1,-1.0321988534609647,stop,2.5777783435341917
2020-09-24 09:45:00-04:00,2020-09-24 10:05:00-04:00,1,3.983629514231683,target,4.963331764949089
2020-09-25 10:00:00-04:00,2020-09-25 10:05:00-04:00,1,-1.0192998335828836,stop,4.201757006477237
2020-09-30 09:45:00-04:00,2020-09-30 10:15:00-04:00,1,3.9810747166979494,target,4.453961981877001
2020-10-20 09:45:00-04:00,2020-10-20 09:50:00-04:00,1,-1.0287311792828993,stop,3.000431876620951
2020-10-21 09:45:00-04:00,2020-10-21 10:45:00-04:00,1,-1.0239152159388754,stop,3.6098112338790997
2020-10-22 09:45:00-04:00,2020-10-22 09:50:00-04:00,1,-1.028750772731567,stop,2.992998794367395
2020-10-26 09:55:00-04:00,2020-10-26 10:00:00-04:00,1,-1.0343238143883213,stop,2.5002936354271696
2020-10-28 09:45:00-04:00,2020-10-28 09:50:00-04:00,1,-1.0218146454630708,stop,3.817062148341847
2020-10-29 09:55:00-04:00,2020-10-29 10:10:00-04:00,1,-1.0151410160381342,stop,5.413638448329493
2020-11-03 09:45:00-05:00,2020-11-03 09:50:00-05:00,1,3.9721617642585936,target,3.0177998139188276
2020-11-19 09:45:00-05:00,2020-11-19 10:15:00-05:00,1,-1.0260062448479008,stop,3.4179511891356924
2020-12-23 09:50:00-05:00,2020-12-23 09:55:00-05:00,1,-1.0508729265715888,stop,1.8202075664466975
2021-01-05 10:00:00-05:00,2021-01-05 10:05:00-05:00,1,-1.019230615657184,stop,4.831636001759307
2021-01-06 09:45:00-05:00,2021-01-06 10:10:00-05:00,1,3.981312320098662,target,5.009156772186088
2021-01-15 09:45:00-05:00,2021-01-15 09:50:00-05:00,1,-1.0319481673695086,stop,2.959820643310195
2021-01-18 09:50:00-05:00,2021-01-18 10:25:00-05:00,1,-1.0594989146376357,stop,1.5831843629316609
2021-01-28 10:05:00-05:00,2021-01-28 12:30:00-05:00,1,3.9850068896593402,target,6.378865649721774
2021-01-29 10:10:00-05:00,2021-01-29 10:40:00-05:00,1,-1.0133032064460699,stop,7.067892471545292
2021-02-22 09:50:00-05:00,2021-02-22 10:05:00-05:00,1,-1.0275759503345538,stop,3.521392510246642
2021-02-26 09:45:00-05:00,2021-02-26 09:50:00-05:00,1,-1.0154140333239723,stop,6.238397883451853
2021-03-01 09:45:00-05:00,2021-03-01 09:50:00-05:00,1,-1.029812679537368,stop,3.244300377932177
2021-03-08 09:45:00-05:00,2021-03-08 09:50:00-05:00,1,-1.0168253591889758,stop,5.7315418811081145
2021-03-22 09:45:00-04:00,2021-03-22 10:30:00-04:00,1,3.9574243570424597,target,2.308733187631333
2021-03-24 09:45:00-04:00,2021-03-24 09:50:00-04:00,1,-1.0407552020467419,stop,2.4094101160189894
2021-04-21 09:45:00-04:00,2021-04-21 09:50:00-04:00,1,3.9514490896875287,target,2.1324441014803597
2021-05-11 09:50:00-04:00,2021-05-11 10:15:00-04:00,1,-1.0235940852768506,stop,4.391260993351352
2021-05-13 09:45:00-04:00,2021-05-13 09:50:00-04:00,1,-1.019992938399807,stop,5.119285254454098
2021-05-14 09:45:00-04:00,2021-05-14 10:20:00-04:00,1,3.9624642877705214,target,2.769918377573049
2021-05-20 09:45:00-04:00,2021-05-20 10:45:00-04:00,1,3.9638473897717366,target,2.8671650540827613
2021-06-04 09:45:00-04:00,2021-06-04 09:50:00-04:00,1,-1.0387672999421318,stop,2.719261612527589
2021-06-18 09:45:00-04:00,2021-06-18 09:50:00-04:00,1,-1.0256444132388243,stop,4.083708288106209
2021-06-21 09:50:00-04:00,2021-06-21 10:00:00-04:00,1,3.9654679366277295,target,3.040627893265082
2021-07-09 09:45:00-04:00,2021-07-09 10:55:00-04:00,1,3.9578404656995008,target,2.5841986601690223
2021-07-20 09:45:00-04:00,2021-07-20 09:55:00-04:00,1,3.9710558970943315,target,3.7062618268191727
2021-07-21 09:45:00-04:00,2021-07-21 15:05:00-04:00,1,3.961858576175404,target,2.854692435994366
2021-08-19 09:45:00-04:00,2021-08-19 10:40:00-04:00,1,-1.0229052083262717,stop,4.784914787844173
2021-08-20 09:45:00-04:00,2021-08-20 10:15:00-04:00,1,3.9708374286430836,target,3.800514926663709
2021-09-08 09:45:00-04:00,2021-09-08 09:50:00-04:00,1,-1.0492330218623824,stop,2.2921372664723094
2021-09-09 09:45:00-04:00,2021-09-09 11:15:00-04:00,1,-1.0410924603331335,stop,2.7500245847868428
2021-09-15 09:45:00-04:00,2021-09-15 09:50:00-04:00,1,-1.0402235011970915,stop,2.76557522334042
2021-09-20 09:45:00-04:00,2021-09-20 09:50:00-04:00,1,-1.023513796101275,stop,4.651160217716097
2021-09-21 09:45:00-04:00,2021-09-21 09:55:00-04:00,1,-1.0278962534280263,stop,3.928155202253947
2021-09-22 09:55:00-04:00,2021-09-22 10:00:00-04:00,1,3.960344135528706,target,2.767230925182048
2021-09-23 09:45:00-04:00,2021-09-23 10:50:00-04:00,1,3.9744040379511456,target,4.350600608322566
2021-10-05 09:50:00-04:00,2021-10-05 10:05:00-04:00,1,3.9677965785598284,target,3.3682111861962767
2021-10-07 09:50:00-04:00,2021-10-07 10:15:00-04:00,1,3.9671164284628633,target,3.367471257651232
2021-10-11 09:45:00-04:00,2021-10-11 10:00:00-04:00,1,3.9682848820575773,target,3.477061933620462
2021-10-14 09:45:00-04:00,2021-10-14 09:50:00-04:00,1,-1.0450435198355683,stop,2.4470857373926265
2021-11-23 09:45:00-05:00,2021-11-23 10:05:00-05:00,1,-1.0341765877608542,stop,3.4260223569554
2021-11-30 09:55:00-05:00,2021-11-30 10:00:00-05:00,1,-1.0199466290659998,stop,5.802499719951811
2021-12-01 10:00:00-05:00,2021-12-01 10:40:00-05:00,1,-1.0301353073826935,stop,3.8339418853620373
2021-12-02 09:45:00-05:00,2021-12-02 10:35:00-05:00,1,-1.0155332778719444,stop,7.30850602868486
2021-12-06 10:10:00-05:00,2021-12-06 12:25:00-05:00,1,3.9780435043522955,target,5.229748829405253
2022-01-07 09:45:00-05:00,2022-01-07 10:00:00-05:00,1,-1.0254347792667537,stop,4.618531384908238
2022-01-14 09:45:00-05:00,2022-01-14 09:50:00-05:00,1,-1.0205237491361827,stop,5.6549855774565
2022-01-20 09:45:00-05:00,2022-01-20 09:55:00-05:00,1,3.9704309177481014,target,3.8756833101615484
2022-01-26 09:45:00-05:00,2022-01-26 10:15:00-05:00,1,-1.0176799615205399,stop,6.248335556440907
2022-01-31 09:50:00-05:00,2022-01-31 10:05:00-05:00,1,3.980120966479029,target,5.608787619643408
2022-02-04 09:45:00-05:00,2022-02-04 09:50:00-05:00,1,-1.0146679217422456,stop,7.646301434343513
2022-02-07 09:50:00-05:00,2022-02-07 09:55:00-05:00,1,-1.0249669966271189,stop,4.512854504722782
2022-02-09 09:45:00-05:00,2022-02-09 09:50:00-05:00,1,-1.0409920603685197,stop,2.788603898213296
2022-02-11 09:45:00-05:00,2022-02-11 09:55:00-05:00,1,-1.023427694766735,stop,4.813212218145054
2022-02-15 09:45:00-05:00,2022-02-15 09:50:00-05:00,1,-1.019725467643757,stop,5.654056840629892
2022-03-16 09:45:00-04:00,2022-03-16 09:50:00-04:00,1,-1.0218944090599509,stop,4.933079075775822
2022-03-17 09:45:00-04:00,2022-03-17 10:00:00-04:00,1,3.9777921785308523,target,4.916142108987515
2022-03-18 09:50:00-04:00,2022-03-18 09:55:00-04:00,1,-1.022542367948171,stop,4.8810024708473065
2022-04-07 10:00:00-04:00,2022-04-07 10:05:00-04:00,1,-1.0253242500401174,stop,4.428401478094202
2022-04-12 09:45:00-04:00,2022-04-12 10:30:00-04:00,1,-1.0210904950873585,stop,5.274811647846946
2022-04-13 09:45:00-04:00,2022-04-13 09:55:00-04:00,1,-1.0219046438494328,stop,5.032169447476917
2022-04-18 10:25:00-04:00,2022-04-18 10:30:00-04:00,1,-1.0301663761665676,stop,3.6500565369669857
2022-04-19 09:45:00-04:00,2022-04-19 10:00:00-04:00,1,3.9740017729257437,target,4.257829363030396
2022-05-26 09:45:00-04:00,2022-05-26 11:00:00-04:00,1,3.982081927814638,target,5.645250988896805
2022-05-27 09:45:00-04:00,2022-05-27 10:20:00-04:00,1,3.97959087098599,target,5.05344742473244
2022-05-30 09:45:00-04:00,2022-05-30 10:10:00-04:00,1,-1.036879949140405,stop,2.8268575215824967
2022-06-08 09:45:00-04:00,2022-06-08 09:55:00-04:00,1,3.971587684403384,target,3.6604720830036968
2022-06-24 09:45:00-04:00,2022-06-24 10:00:00-04:00,1,3.974398041387892,target,3.773380982952858
2022-07-07 09:45:00-04:00,2022-07-07 10:00:00-04:00,1,-1.023814326600124,stop,4.073992088764953
2022-07-18 09:45:00-04:00,2022-07-18 09:50:00-04:00,1,-1.0294929772862798,stop,3.3034517160162977
2022-07-21 09:50:00-04:00,2022-07-21 10:00:00-04:00,1,-1.0183630479946275,stop,5.379170631840225
2022-07-22 09:50:00-04:00,2022-07-22 09:55:00-04:00,1,-1.0301780597420778,stop,3.3186200870172797
2022-07-25 09:55:00-04:00,2022-07-25 10:00:00-04:00,1,-1.0277327897128312,stop,3.5755253635898043
2022-07-27 09:45:00-04:00,2022-07-27 10:00:00-04:00,1,-1.0347696093942356,stop,2.8492905988300663
2022-07-29 09:45:00-04:00,2022-07-29 10:05:00-04:00,1,3.972745737174206,target,3.773768871638822
2022-08-01 09:45:00-04:00,2022-08-01 10:05:00-04:00,1,3.9725170468377806,target,3.7585444976448343
2022-08-03 10:00:00-04:00,2022-08-03 10:15:00-04:00,1,-1.0313103541979236,stop,3.293131109026035
2022-08-04 09:45:00-04:00,2022-08-04 09:50:00-04:00,1,-1.030016322673326,stop,3.4604459655420214
2022-08-05 09:50:00-04:00,2022-08-05 10:10:00-04:00,1,3.97866877175559,target,4.8613970460510245
2022-08-08 09:50:00-04:00,2022-08-08 10:05:00-04:00,1,-1.0273374355323746,stop,3.821026407747013
2022-08-10 09:45:00-04:00,2022-08-10 09:50:00-04:00,1,-1.0196939242634286,stop,5.32148315397626
2022-08-23 09:50:00-04:00,2022-08-23 10:00:00-04:00,1,-1.0265922850221254,stop,3.8928252923042237
2022-08-24 09:45:00-04:00,2022-08-24 09:50:00-04:00,1,-1.0312699736106903,stop,3.300733166601276
2022-08-25 09:50:00-04:00,2022-08-25 10:00:00-04:00,1,3.968017326602478,target,3.2601233646719265
2022-09-12 09:45:00-04:00,2022-09-12 09:55:00-04:00,1,3.968760540147621,target,3.289316388590123
2022-10-04 09:45:00-04:00,2022-10-04 10:00:00-04:00,1,3.9795758164104797,target,4.624364082721058
2022-10-24 09:45:00-04:00,2022-10-24 09:50:00-04:00,1,-1.0136483182288083,stop,6.926767237730928
2022-10-25 09:45:00-04:00,2022-10-25 09:50:00-04:00,1,3.975673698557922,target,3.9348291908113424
2022-10-26 10:00:00-04:00,2022-10-26 10:05:00-04:00,1,-1.0208882230681902,stop,4.592758173200309
2022-10-28 09:50:00-04:00,2022-10-28 10:00:00-04:00,1,-1.014496454052282,stop,6.609882124893829
2022-11-08 10:10:00-05:00,2022-11-08 10:35:00-05:00,1,3.9737194672121237,target,3.6481462571637167
2022-11-09 09:45:00-05:00,2022-11-09 09:50:00-05:00,1,-1.018924574651921,stop,5.0205416277963195
2022-11-11 09:50:00-05:00,2022-11-11 09:55:00-05:00,1,-1.0219510878934233,stop,4.512640269452277
2022-11-17 09:45:00-05:00,2022-11-17 09:55:00-05:00,1,-1.0214208504859459,stop,4.566330825839486
2022-11-21 09:50:00-05:00,2022-11-21 09:55:00-05:00,1,-1.031625117517026,stop,3.130125870984102
2022-11-22 10:05:00-05:00,2022-11-22 13:10:00-05:00,1,3.9710324474514125,target,3.440317034473537
2022-11-23 09:45:00-05:00,2022-11-23 10:05:00-05:00,1,3.9644536760238647,target,2.830097640562144
2022-11-24 09:45:00-05:00,2022-11-24 09:50:00-05:00,1,-1.0610480069375106,stop,1.6534419953723045
2022-11-25 09:50:00-05:00,2022-11-25 11:30:00-05:00,1,-1.048681688420581,stop,2.0670562953223452
2022-12-09 09:45:00-05:00,2022-12-09 09:50:00-05:00,1,-1.0172475187237402,stop,5.739804370520687
2022-12-12 09:50:00-05:00,2022-12-12 09:55:00-05:00,1,-1.0380245872211489,stop,2.594301934675059
2022-12-14 09:50:00-05:00,2022-12-14 11:00:00-05:00,1,3.9728539707597155,target,3.7285249929350357
2023-01-09 09:45:00-05:00,2023-01-09 10:30:00-05:00,1,3.9702585702727813,target,3.308438645262413
2023-01-11 09:45:00-05:00,2023-01-11 09:50:00-05:00,1,-1.032762802981058,stop,3.0079871660814206
2023-01-13 09:45:00-05:00,2023-01-13 10:00:00-05:00,1,3.9727552585567483,target,3.6439939215188133
2023-01-16 10:00:00-05:00,2023-01-16 10:05:00-05:00,1,-1.0502639369962403,stop,1.9883692266030266
2023-01-17 09:50:00-05:00,2023-01-17 09:55:00-05:00,1,-1.0298640952931972,stop,3.3490191467644763
2023-01-18 10:00:00-05:00,2023-01-18 10:15:00-05:00,1,-1.0282449682448112,stop,3.5464836940668647
2023-01-23 09:45:00-05:00,2023-01-23 09:50:00-05:00,1,3.9680035303566243,target,3.120821508800873
2023-02-10 09:50:00-05:00,2023-02-10 09:55:00-05:00,1,-1.0288327809784308,stop,3.5333606952099217
2023-02-13 09:45:00-05:00,2023-02-13 09:50:00-05:00,1,-1.039720614855878,stop,2.5818135082818117
2023-02-22 09:45:00-05:00,2023-02-22 09:50:00-05:00,1,-1.0315774219467313,stop,3.171068041621311
2023-02-23 09:45:00-05:00,2023-02-23 10:00:00-05:00,1,-1.0324766305873248,stop,3.0941221169618984
2023-03-23 09:45:00-04:00,2023-03-23 09:50:00-04:00,1,-1.0272128083268937,stop,3.647469813756288
2023-03-27 09:45:00-04:00,2023-03-27 09:50:00-04:00,1,-1.0318195058917603,stop,3.1409468504571123
2023-03-28 09:45:00-04:00,2023-03-28 09:50:00-04:00,1,-1.0416557250945035,stop,2.3825708980580202
2023-03-29 09:45:00-04:00,2023-03-29 09:50:00-04:00,1,-1.0494610618511908,stop,2.027656469359954
2023-04-24 10:10:00-04:00,2023-04-24 10:15:00-04:00,1,-1.0522448485428486,stop,1.9803804808307177
2023-04-27 09:50:00-04:00,2023-04-27 10:15:00-04:00,1,3.9622971033222876,target,2.7160441678252027
2023-05-03 09:45:00-04:00,2023-05-03 10:10:00-04:00,1,-1.0451087360114053,stop,2.28693244792521
2023-05-05 09:45:00-04:00,2023-05-05 09:50:00-04:00,1,-1.0295030913068475,stop,3.4820899649039347
2023-05-26 09:45:00-04:00,2023-05-26 09:50:00-04:00,1,-1.0287995019720726,stop,3.6231687866438733
2023-06-22 09:45:00-04:00,2023-06-22 10:10:00-04:00,1,3.950631681743178,target,2.2112429933122257
2023-06-23 09:55:00-04:00,2023-06-23 10:00:00-04:00,1,-1.041723926588289,stop,2.605751297220195
2023-06-26 09:45:00-04:00,2023-06-26 09:50:00-04:00,1,-1.0401618239679642,stop,2.7107634443400457
2023-07-10 10:00:00-04:00,2023-07-10 10:30:00-04:00,1,-1.0436154087661291,stop,2.5252038894805082
2023-07-28 09:45:00-04:00,2023-07-28 10:45:00-04:00,1,-1.0408689496965962,stop,2.7968491704205007
2023-08-03 09:50:00-04:00,2023-08-03 10:15:00-04:00,1,-1.0316936854491947,stop,3.5443346367801496
2023-08-04 09:45:00-04:00,2023-08-04 09:50:00-04:00,1,-1.0297070520803002,stop,3.8084011293030926
2023-08-10 09:45:00-04:00,2023-08-10 10:45:00-04:00,1,-1.0238900322945779,stop,4.7135538710836045
2023-08-11 10:00:00-04:00,2023-08-11 10:20:00-04:00,1,3.9690829957571583,target,3.6148771647358444
2023-08-16 09:45:00-04:00,2023-08-16 09:50:00-04:00,1,-1.0367868789366823,stop,3.0199274628621424
2023-08-18 09:45:00-04:00,2023-08-18 09:55:00-04:00,1,-1.0298327068123736,stop,3.645386154004882
2023-08-21 09:55:00-04:00,2023-08-21 10:00:00-04:00,1,-1.0416478339368254,stop,2.6353120265721373
2023-08-23 09:45:00-04:00,2023-08-23 10:10:00-04:00,1,3.9637122724811156,target,3.0431263739719725
2023-08-29 09:45:00-04:00,2023-08-29 10:00:00-04:00,1,3.961006434370905,target,2.855201094533186
2023-09-07 10:40:00-04:00,2023-09-07 10:50:00-04:00,1,-1.0348646529113985,stop,3.185715373129824
2023-09-08 09:50:00-04:00,2023-09-08 09:55:00-04:00,1,-1.041508411498563,stop,2.686696941012997
2023-09-19 09:45:00-04:00,2023-09-19 09:50:00-04:00,1,-1.0564659479405751,stop,1.9680529963334266
2023-09-20 09:45:00-04:00,2023-09-20 09:50:00-04:00,1,-1.0586528476343497,stop,1.899368172054892
2023-09-25 09:45:00-04:00,2023-09-25 10:25:00-04:00,1,-1.0299344244927313,stop,3.6009410665346877
2023-09-28 09:50:00-04:00,2023-09-28 10:30:00-04:00,1,-1.0254483405802224,stop,4.196886635861119
2023-10-03 09:45:00-04:00,2023-10-03 10:00:00-04:00,1,-1.0287583236762943,stop,3.7119356743305616
2023-10-09 09:45:00-04:00,2023-10-09 09:50:00-04:00,1,-1.0295136598863144,stop,3.639067841144424
2023-10-10 09:50:00-04:00,2023-10-10 10:05:00-04:00,1,3.9596801103578256,target,2.7011502740988362
2023-10-16 10:10:00-04:00,2023-10-16 10:30:00-04:00,1,3.9665969183876437,target,3.273822432113775
2023-11-02 10:25:00-04:00,2023-11-02 10:50:00-04:00,1,3.9606584976701766,target,2.733385576963883
2024-01-04 09:55:00-05:00,2024-01-04 10:00:00-05:00,1,-1.0408963711168444,stop,2.8765804897129783
2024-01-05 09:45:00-05:00,2024-01-05 10:00:00-05:00,1,3.968402306019492,target,3.7304925416738115
2024-01-08 09:45:00-05:00,2024-01-08 09:50:00-05:00,1,-1.042526739700143,stop,2.7669237307736694
2024-02-01 09:45:00-05:00,2024-02-01 09:50:00-05:00,1,-1.0441132219715388,stop,2.7586638869488525
2024-02-14 10:15:00-05:00,2024-02-14 10:40:00-05:00,1,-1.04127255987402,stop,3.017411091493159
2024-04-03 09:45:00-04:00,2024-04-03 09:55:00-04:00,1,-1.0466130800948645,stop,2.789572430122462
2024-04-05 09:45:00-04:00,2024-04-05 10:05:00-04:00,1,-1.0303711868201866,stop,4.254775735802468
2024-04-08 10:25:00-04:00,2024-04-08 11:35:00-04:00,1,-1.0374735232897485,stop,3.474108320500818
2024-04-17 09:45:00-04:00,2024-04-17 09:50:00-04:00,1,-1.034347374276265,stop,3.692468168569576
2024-04-18 10:15:00-04:00,2024-04-18 10:20:00-04:00,1,-1.0323846348487944,stop,3.8846441191581107
2024-04-19 09:45:00-04:00,2024-04-19 09:50:00-04:00,1,-1.0249135004873153,stop,5.028501415631581
2024-04-22 09:50:00-04:00,2024-04-22 09:55:00-04:00,1,-1.0392391967484707,stop,3.180406888892321
2024-04-23 09:45:00-04:00,2024-04-23 09:55:00-04:00,1,3.958295217883653,target,3.027604462389718
2024-04-24 09:50:00-04:00,2024-04-24 09:55:00-04:00,1,-1.0412037453183924,stop,3.085388097681971
2024-04-25 09:45:00-04:00,2024-04-25 09:50:00-04:00,1,-1.0291239526129412,stop,4.2945755596547315
2024-04-26 09:50:00-04:00,2024-04-26 11:00:00-04:00,1,3.972687329568469,target,4.675915814449581
2024-05-03 09:45:00-04:00,2024-05-03 10:00:00-04:00,1,-1.0268666298355902,stop,4.768598318104523
2024-07-02 10:35:00-04:00,2024-07-02 10:40:00-04:00,1,-1.045736774294374,stop,2.992028282096726
2024-07-22 09:45:00-04:00,2024-07-22 09:50:00-04:00,1,-1.0445706315781127,stop,3.1154956984364617
2024-07-23 09:45:00-04:00,2024-07-23 09:50:00-04:00,1,-1.0440690821533989,stop,3.1602150850612816
2024-07-26 09:45:00-04:00,2024-07-26 09:50:00-04:00,1,-1.038074166807252,stop,3.575143279477743
2024-07-29 09:45:00-04:00,2024-07-29 09:50:00-04:00,1,-1.0382699572704,stop,3.576364450962501
2024-07-31 10:00:00-04:00,2024-07-31 10:30:00-04:00,1,3.9608295841239416,target,3.5251804999516025
2024-08-05 09:45:00-04:00,2024-08-05 12:20:00-04:00,1,3.9923258752187607,target,17.075412927245452
2024-08-07 09:45:00-04:00,2024-08-07 10:15:00-04:00,1,-1.024005104450525,stop,5.531148357779784
2024-08-13 09:45:00-04:00,2024-08-13 09:55:00-04:00,1,-1.0304742873858426,stop,4.419194873906235
2024-09-04 09:50:00-04:00,2024-09-04 09:55:00-04:00,1,-1.033374296228154,stop,4.140614410245689
2024-09-05 09:45:00-04:00,2024-09-05 09:50:00-04:00,1,-1.0304007389396312,stop,4.543897240214392
2024-09-09 09:50:00-04:00,2024-09-09 10:20:00-04:00,1,-1.0386815151207538,stop,3.525894448681356
2024-10-02 10:00:00-04:00,2024-10-02 10:45:00-04:00,1,3.9707802638396235,target,4.891062878758021
2024-10-25 09:45:00-04:00,2024-10-25 10:00:00-04:00,1,3.93746196730251,target,2.3401254238297042
2024-10-29 09:55:00-04:00,2024-10-29 10:20:00-04:00,1,3.9547081840994838,target,3.2177316266188427
2024-11-01 09:45:00-04:00,2024-11-01 10:00:00-04:00,1,-1.039758910746208,stop,3.6115577695218235
2024-11-04 09:45:00-05:00,2024-11-04 09:50:00-05:00,1,-1.035184692831783,stop,4.070264356312691
2024-11-05 09:45:00-05:00,2024-11-05 09:55:00-05:00,1,3.9551495165314803,target,3.208965665823598
2024-11-18 10:00:00-05:00,2024-11-18 10:30:00-05:00,1,3.9564172995933524,target,3.378023804294571
2024-12-10 10:05:00-05:00,2024-12-10 10:10:00-05:00,1,-1.0849021562495151,stop,1.7843843496630143
2024-12-11 09:45:00-05:00,2024-12-11 10:10:00-05:00,1,3.931995076491853,target,2.2344232976865896
2024-12-24 09:45:00-05:00,2024-12-24 09:50:00-05:00,1,-1.05738679895199,stop,2.6100553168680563
2024-12-31 10:00:00-05:00,2024-12-31 10:05:00-05:00,1,-1.0385579052616327,stop,3.8413775269200414
2025-01-02 09:50:00-05:00,2025-01-02 10:20:00-05:00,1,-1.023762198469092,stop,6.222907070707151
2025-01-06 09:45:00-05:00,2025-01-06 11:30:00-05:00,1,3.965567999655386,target,4.370397137145119
2025-01-13 09:45:00-05:00,2025-01-13 09:50:00-05:00,1,-1.0279023972832184,stop,5.182921884200368
2025-01-15 09:45:00-05:00,2025-01-15 11:30:00-05:00,1,-1.0245089555445661,stop,6.046038233385843
2025-02-04 09:50:00-05:00,2025-02-04 10:05:00-05:00,1,3.9663385313188124,target,4.472594867768748
2025-02-05 09:45:00-05:00,2025-02-05 09:50:00-05:00,1,-1.0462830276744381,stop,3.25549103171943
2025-02-26 09:45:00-05:00,2025-02-26 10:00:00-05:00,1,3.9573469318788668,target,3.512239373565535
2025-02-28 10:00:00-05:00,2025-02-28 10:05:00-05:00,1,-1.0271242915152694,stop,5.409971628463609
2025-03-06 09:50:00-05:00,2025-03-06 09:55:00-05:00,1,-1.020696926744315,stop,6.959455654063277
2025-03-07 09:45:00-05:00,2025-03-07 09:55:00-05:00,1,-1.0164388758080931,stop,8.742663334056488
2025-03-20 09:45:00-04:00,2025-03-20 10:00:00-04:00,1,3.9758087202955266,target,5.87312043701877
2025-03-21 09:55:00-04:00,2025-03-21 10:00:00-04:00,1,-1.0230973427264491,stop,6.080395546452564
2025-03-24 09:45:00-04:00,2025-03-24 10:50:00-04:00,1,3.9570003169972194,target,3.348523954515258
2025-03-27 09:50:00-04:00,2025-03-27 10:30:00-04:00,1,3.9717831931832457,target,5.0661526730464175
2025-04-15 09:45:00-04:00,2025-04-15 09:55:00-04:00,1,-1.01835780084085,stop,7.398562452509395
2025-04-23 09:45:00-04:00,2025-04-23 09:50:00-04:00,1,-1.0192404468644765,stop,7.076963197157966
2025-04-24 09:45:00-04:00,2025-04-24 10:15:00-04:00,1,3.9796581022349016,target,6.6637858600588515
2025-04-28 09:45:00-04:00,2025-04-28 09:50:00-04:00,1,-1.0300709097695244,stop,4.609323792525174
2025-04-29 09:45:00-04:00,2025-04-29 10:00:00-04:00,1,-1.0227108228087998,stop,6.070889835012167
2025-05-01 09:50:00-04:00,2025-05-01 09:55:00-04:00,1,-1.027723044376756,stop,5.069879519540336
2025-05-07 09:45:00-04:00,2025-05-07 09:50:00-04:00,1,-1.0287798811477544,stop,4.885300244859536
2025-05-22 09:50:00-04:00,2025-05-22 10:20:00-04:00,1,-1.0255432324842715,stop,5.717510182411388
2025-05-23 10:00:00-04:00,2025-05-23 10:20:00-04:00,1,-1.0166204829275711,stop,8.699748804390765
2025-05-27 10:00:00-04:00,2025-05-27 10:45:00-04:00,1,3.9693875557021805,target,4.81408325440043
2025-06-16 09:45:00-04:00,2025-06-16 09:50:00-04:00,1,3.956170336548842,target,3.444055549589393
2025-06-18 09:45:00-04:00,2025-06-18 10:05:00-04:00,1,3.959357270437813,target,3.693507322910591
2025-06-23 09:45:00-04:00,2025-06-23 10:05:00-04:00,1,3.9681037642537773,target,4.703370073015321
2025-08-04 09:45:00-04:00,2025-08-04 10:25:00-04:00,1,3.957701067906061,target,3.731452519562481
2025-08-06 09:45:00-04:00,2025-08-06 09:50:00-04:00,1,-1.0428615952385667,stop,3.6802325957505673
2025-08-22 09:45:00-04:00,2025-08-22 09:55:00-04:00,1,-1.0482750244530712,stop,3.316658875050962
2025-09-26 09:45:00-04:00,2025-09-26 09:50:00-04:00,1,-1.034748028426445,stop,4.7754763923494465
2025-10-13 09:50:00-04:00,2025-10-13 10:20:00-04:00,1,-1.0277085584545134,stop,5.986338743023225
2025-10-15 09:55:00-04:00,2025-10-15 10:05:00-04:00,1,3.956656267687516,target,3.8729962241759495
2025-10-16 09:45:00-04:00,2025-10-16 09:50:00-04:00,1,-1.0424169277734898,stop,3.945575051033302
2025-10-17 09:50:00-04:00,2025-10-17 10:00:00-04:00,1,-1.0185763964071808,stop,8.917355888113889
2025-11-04 09:45:00-05:00,2025-11-04 10:15:00-05:00,1,3.96873732760153,target,5.449640786812779
2025-11-05 09:45:00-05:00,2025-11-05 09:50:00-05:00,1,3.962012988316149,target,4.470078961523541
2025-11-10 09:45:00-05:00,2025-11-10 09:50:00-05:00,1,-1.044369308459152,stop,3.8353009077573006
2025-11-14 09:45:00-05:00,2025-11-14 10:35:00-05:00,1,3.9793256903913985,target,8.124099022942573
2025-11-17 09:45:00-05:00,2025-11-17 10:00:00-05:00,1,-1.0257011090935733,stop,6.5525528393691275
2025-11-19 09:45:00-05:00,2025-11-19 09:55:00-05:00,1,3.9714381294316303,target,5.840287451762379
2025-12-19 09:45:00-05:00,2025-12-19 10:25:00-05:00,1,-1.0318000441199604,stop,5.360099074353457
2026-01-02 09:45:00-05:00,2026-01-02 10:05:00-05:00,1,-1.060656400638287,stop,2.8371577147054268
2026-01-05 09:45:00-05:00,2026-01-05 09:50:00-05:00,1,-1.049568847154112,stop,3.479729323779793
2026-01-20 09:50:00-05:00,2026-01-20 09:55:00-05:00,1,-1.0305716378273657,stop,5.601928743432836
2026-01-21 09:45:00-05:00,2026-01-21 10:15:00-05:00,1,3.973417092580496,target,6.4476641862438555
2026-01-26 09:45:00-05:00,2026-01-26 10:10:00-05:00,1,-1.0414944677980644,stop,4.182358910985386
2026-02-02 09:45:00-05:00,2026-02-02 10:10:00-05:00,1,3.9698871007795873,target,5.788854889477989
2026-02-04 09:45:00-05:00,2026-02-04 09:50:00-05:00,1,-1.0339184860638218,stop,5.1075384171754195
2026-02-05 09:50:00-05:00,2026-02-05 09:55:00-05:00,1,-1.018298392834396,stop,9.353217824314015
2026-02-06 09:45:00-05:00,2026-02-06 09:55:00-05:00,1,-1.0226522578607709,stop,7.581185474914491
2026-02-13 09:45:00-05:00,2026-02-13 09:50:00-05:00,1,-1.0187975244121368,stop,9.089276402322866
2026-02-18 09:55:00-05:00,2026-02-18 10:00:00-05:00,1,3.966771816708261,target,5.186450878472897
2026-02-19 09:50:00-05:00,2026-02-19 10:10:00-05:00,1,-1.0317482374828586,stop,5.400713098227243
2026-02-20 10:00:00-05:00,2026-02-20 10:05:00-05:00,1,-1.028033508152813,stop,6.121422882059051
2026-02-24 09:45:00-05:00,2026-02-24 09:55:00-05:00,1,-1.0302972349824782,stop,5.655849162908453
2026-02-27 10:00:00-05:00,2026-02-27 10:15:00-05:00,1,-1.0287339764257055,stop,5.960851424440989
2026-03-02 09:45:00-05:00,2026-03-02 11:40:00-05:00,1,3.9793368392068564,target,8.315014223126127
2026-03-05 09:55:00-05:00,2026-03-05 10:05:00-05:00,1,-1.0234967170606115,stop,7.289354595344776
2026-03-13 09:45:00-04:00,2026-03-13 09:50:00-04:00,1,-1.0243769597835222,stop,6.894541766143448
2026-03-16 09:45:00-04:00,2026-03-16 10:30:00-04:00,1,-1.0281733100721375,stop,5.946198239719706
2026-03-17 09:45:00-04:00,2026-03-17 10:00:00-04:00,1,-1.0302685032073173,stop,5.570510201361685
2026-03-18 09:45:00-04:00,2026-03-18 09:50:00-04:00,1,-1.0259608918142575,stop,6.450429586850987
2026-03-19 09:45:00-04:00,2026-03-19 10:20:00-04:00,1,-1.0189286511716542,stop,8.684355241764024
2026-03-20 09:45:00-04:00,2026-03-20 09:50:00-04:00,1,-1.0230724438956313,stop,7.134349812622531
2026-03-26 09:45:00-04:00,2026-03-26 10:45:00-04:00,1,-1.0266808872336515,stop,6.136014885320037
2026-04-02 09:50:00-04:00,2026-04-02 10:00:00-04:00,1,3.9738717179455376,target,6.241207574019427
2026-04-06 09:55:00-04:00,2026-04-06 10:00:00-04:00,1,-1.0310302855702045,stop,5.316501667991361
2026-05-20 09:45:00-04:00,2026-05-20 09:50:00-04:00,1,-1.0373525463186812,stop,4.93587475176264
2026-06-04 09:50:00-04:00,2026-06-04 09:55:00-04:00,1,-1.0366966334927086,stop,5.139370177293131
2026-06-09 09:45:00-04:00,2026-06-09 09:55:00-04:00,1,-1.036193359384268,stop,5.153761644015503
2026-06-10 09:45:00-04:00,2026-06-10 09:50:00-04:00,1,-1.0180552612358216,stop,10.196930042083295
2026-06-11 09:45:00-04:00,2026-06-11 10:10:00-04:00,1,-1.0254049616935788,stop,7.178665501570322
2026-06-22 09:55:00-04:00,2026-06-22 10:00:00-04:00,1,-1.0408313591770622,stop,4.606407881178711
2026-06-23 09:45:00-04:00,2026-06-23 10:00:00-04:00,1,3.973435188461464,target,6.97381081405365
2026-06-26 09:45:00-04:00,2026-06-26 09:50:00-04:00,1,-1.02428814157918,stop,7.5321664028961095
2026-06-29 09:45:00-04:00,2026-06-29 09:50:00-04:00,1,-1.0289282425869497,stop,6.406807865268092
2026-07-14 09:45:00-04:00,2026-07-14 09:50:00-04:00,1,-1.024677923472261,stop,7.6315739774399844
2026-07-17 09:45:00-04:00,2026-07-17 09:55:00-04:00,1,3.9650373442508844,target,5.342286094944029
2026-07-20 09:45:00-04:00,2026-07-20 09:50:00-04:00,1,-1.0362488045797207,stop,5.177499224264466
2026-07-22 09:45:00-04:00,2026-07-22 10:25:00-04:00,1,-1.0398257158073085,stop,4.706353697114537
2026-07-24 09:45:00-04:00,2026-07-24 09:50:00-04:00,1,-1.0406540994792775,stop,4.559260502914185
2026-07-30 09:45:00-04:00,2026-07-30 10:25:00-04:00,1,3.970817241295067,target,6.353279481906611
