,walk_forward_equity
2018-01-02,100000.0
2018-01-03,100000.0
2018-01-04,100000.0
2018-01-05,100000.0
2018-01-08,100000.0
2018-01-09,100000.0
2018-01-10,100000.0
2018-01-11,100000.0
2018-01-12,100167.95600128174
2018-01-16,100254.95063018799
2018-01-17,100862.57543182373
2018-01-18,100904.68930625916
2018-01-19,101681.75072193146
2018-01-22,102191.07647800446
2018-01-23,101989.69637680054
2018-01-24,103146.64649772644
2018-01-25,103684.45826625824
2018-01-26,104120.99608135223
2018-01-29,103649.74285793304
2018-01-30,103544.76772022247
2018-01-31,103206.49112415314
2018-02-01,103206.49112415314
2018-02-02,103206.49112415314
2018-02-05,102580.74985218048
2018-02-06,104217.80099105835
2018-02-07,103240.61780357361
2018-02-08,98023.28771686554
2018-02-09,99953.7887392044
2018-02-12,102278.47539234161
2018-02-13,101898.39862537384
2018-02-14,103225.82631397247
2018-02-15,106058.59610462189
2018-02-16,106294.19062519073
2018-02-20,106263.51162052155
2018-02-21,105933.1057062149
2018-02-22,105921.2030916214
2018-02-23,106168.94547748566
2018-02-26,106535.57671451569
2018-02-27,106535.57671451569
2018-02-28,106535.57671451569
2018-03-01,106057.58342170715
2018-03-02,106239.0115814209
2018-03-05,107251.98380947113
2018-03-06,107142.66196918488
2018-03-07,107148.47710227966
2018-03-08,107260.12477397919
2018-03-09,107499.70315551758
2018-03-12,107476.44373226166
2018-03-13,107356.65398693085
2018-03-14,107255.23603725433
2018-03-15,107208.23886013031
2018-03-16,107357.41012477875
2018-03-19,106897.6320180893
2018-03-20,106875.15193080902
2018-03-21,106490.79917049408
2018-03-22,105468.40217494965
2018-03-23,104137.60036373138
2018-03-26,106080.92209529877
2018-03-27,104977.13992595673
2018-03-28,104846.00795078278
2018-03-29,106121.21459293365
2018-04-02,104302.8728017807
2018-04-03,106109.21216106415
2018-04-04,107913.96823883057
2018-04-05,108210.27407360077
2018-04-06,105865.8136138916
2018-04-09,106020.14284420013
2018-04-10,106646.46216106415
2018-04-11,105560.71676540375
2018-04-12,105695.59453010559
2018-04-13,105611.87502288818
2018-04-16,106146.81091880798
2018-04-17,106120.59415245056
2018-04-18,106148.68456077576
2018-04-19,106129.95880699158
2018-04-20,105061.56530189514
2018-04-23,104710.82718849182
2018-04-24,104088.72494697571
2018-04-25,104092.72735786438
2018-04-26,104739.14373970032
2018-04-27,104409.20772743225
2018-04-30,103684.77823066711
2018-05-01,103166.40236282349
2018-05-02,102270.27787017822
2018-05-03,102336.70841217041
2018-05-04,104143.01313400269
2018-05-07,104005.74957084656
2018-05-08,104029.25777244568
2018-05-09,104309.36077690125
2018-05-10,105547.67417907715
2018-05-11,106076.68713188171
2018-05-14,106583.32531547546
2018-05-15,105549.35626983643
2018-05-16,106916.63659095764
2018-05-17,106597.42301177979
2018-05-18,106113.78918838501
2018-05-21,106134.35982322693
2018-05-22,106446.3381729126
2018-05-23,105990.99829101562
2018-05-24,105873.78285217285
2018-05-25,106046.80964279175
2018-05-29,106046.80964279175
2018-05-30,106046.80964279175
2018-05-31,105886.53991889954
2018-06-01,105814.1602344513
2018-06-04,105886.53991889954
2018-06-05,106222.58972167969
2018-06-06,106543.13015556335
2018-06-07,106755.10007667542
2018-06-08,106884.35007667542
2018-06-11,107334.13952445984
2018-06-12,107401.35007667542
2018-06-13,107602.97976112366
2018-06-14,107602.97976112366
2018-06-15,107602.97976112366
2018-06-18,107602.97976112366
2018-06-19,107602.97976112366
2018-06-20,107602.97976112366
2018-06-21,107602.97976112366
2018-06-22,107480.34034252167
2018-06-25,107167.42345237732
2018-06-26,106963.95643138885
2018-06-27,105386.48767566681
2018-06-28,106656.57038021088
2018-06-29,106967.29331684113
2018-07-02,107604.64224720001
2018-07-03,106622.24182319641
2018-07-05,109241.55910587311
2018-07-06,110359.38732147217
2018-07-09,111155.3195514679
2018-07-10,111693.906291008
2018-07-11,111661.48928833008
2018-07-12,113059.81017112732
2018-07-13,113059.81017112732
2018-07-16,113059.81017112732
2018-07-17,113059.81017112732
2018-07-18,113213.8107585907
2018-07-19,113298.5112285614
2018-07-20,113213.8107585907
2018-07-23,113306.21140480042
2018-07-24,112821.11058235168
2018-07-25,112667.11146354675
2018-07-26,112959.71081733704
2018-07-27,112790.31134605408
2018-07-30,112882.71052360535
2018-07-31,113534.15693473816
2018-08-01,113845.84436225891
2018-08-02,114457.67605400085
2018-08-03,114417.17482089996
2018-08-06,114740.4882144928
2018-08-07,114716.52814674377
2018-08-08,114911.59187698364
2018-08-09,116172.41202640533
2018-08-10,115843.68109798431
2018-08-13,115526.65795707703
2018-08-14,115081.57489967346
2018-08-15,114854.04408454895
2018-08-16,115107.2065410614
2018-08-17,115655.80291366577
2018-08-20,115449.79294395447
2018-08-21,116600.62734794617
2018-08-22,117291.03337669373
2018-08-23,117370.63713645935
2018-08-24,118243.70539855957
2018-08-27,118183.93730163574
2018-08-28,118026.75678443909
2018-08-29,117982.40522193909
2018-08-30,117883.85346412659
2018-08-31,117901.09760475159
2018-09-04,117901.09760475159
2018-09-05,117901.09760475159
2018-09-06,117901.09760475159
2018-09-07,117901.09760475159
2018-09-10,117901.09760475159
2018-09-11,117901.09760475159
2018-09-12,117901.09760475159
2018-09-13,118143.07142448425
2018-09-14,118185.57962226868
2018-09-17,118080.93918418884
2018-09-18,118062.29655647278
2018-09-19,118155.17313575745
2018-09-20,118871.56997489929
2018-09-21,119024.18162727356
2018-09-24,118761.68976020813
2018-09-25,117694.46808815002
2018-09-26,117347.3887500763
2018-09-27,117508.32917404175
2018-09-28,118044.49938488007
2018-10-01,116908.06587028503
2018-10-02,116666.12802505493
2018-10-03,115542.91116428375
2018-10-04,114620.46074199677
2018-10-05,113781.474817276
2018-10-08,113787.31757068634
2018-10-09,113176.82684898376
2018-10-10,109251.1116027832
2018-10-11,107940.6770811081
2018-10-12,109551.38869571686
2018-10-15,109683.15825653076
2018-10-16,113445.14572429657
2018-10-17,113641.16411495209
2018-10-18,111832.54683971405
2018-10-19,111856.24540805817
2018-10-22,111220.53492164612
2018-10-23,110916.01366233826
2018-10-24,108320.13276100159
2018-10-25,108149.81835365295
2018-10-26,108149.81835365295
2018-10-29,108149.81835365295
2018-10-30,108149.81835365295
2018-10-31,108149.81835365295
2018-11-01,108149.81835365295
2018-11-02,108149.81835365295
2018-11-05,108149.81835365295
2018-11-06,108149.81835365295
2018-11-07,108149.81835365295
2018-11-08,108149.81835365295
2018-11-09,107897.99033546448
2018-11-12,107475.7576084137
2018-11-13,107413.26970863342
2018-11-14,107371.61372947693
2018-11-15,107646.1658115387
2018-11-16,107738.94372749329
2018-11-19,107553.38527488708
2018-11-20,107557.17130851746
2018-11-21,107623.44349479675
2018-11-23,107619.65658760071
2018-11-26,107619.65658760071
2018-11-27,107619.65658760071
2018-11-28,107619.65658760071
2018-11-29,107619.65658760071
2018-11-30,107619.65658760071
2018-12-03,107619.65658760071
2018-12-04,107565.53628730774
2018-12-06,107853.35630607605
2018-12-07,107799.23647499084
2018-12-10,107661.47660636902
2018-12-11,107555.69653129578
2018-12-12,107663.93619346619
2018-12-13,107563.07623100281
2018-12-14,107563.07623100281
2018-12-17,107452.37651252747
2018-12-18,107299.85630607605
2018-12-19,107299.85630607605
2018-12-20,107299.85630607605
2018-12-21,107299.85630607605
2018-12-24,107299.85630607605
2018-12-26,107299.85630607605
2018-12-27,107299.85630607605
2018-12-28,107299.85630607605
2018-12-31,107299.85630607605
2019-01-02,107299.85630607605
2019-01-03,107299.85630607605
2019-01-04,107299.85630607605
2019-01-07,107299.85630607605
2019-01-08,107299.85630607605
2019-01-09,107299.85630607605
2019-01-10,107299.85630607605
2019-01-11,107299.85630607605
2019-01-14,107299.85630607605
2019-01-15,107299.85630607605
2019-01-16,107299.85630607605
2019-01-17,107299.85630607605
2019-01-18,107299.85630607605
2019-01-22,107299.85630607605
2019-01-23,107299.85630607605
2019-01-24,107299.85630607605
2019-01-25,107299.85630607605
2019-01-28,107299.85630607605
2019-01-29,107299.85630607605
2019-01-30,107299.85630607605
2019-01-31,107299.85630607605
2019-02-01,107299.85630607605
2019-02-04,107299.85630607605
2019-02-05,107299.85630607605
2019-02-06,107299.85630607605
2019-02-07,107299.85630607605
2019-02-08,107299.85630607605
2019-02-11,107299.85630607605
2019-02-12,107299.85630607605
2019-02-13,107299.85630607605
2019-02-14,107299.85630607605
2019-02-15,107299.85630607605
2019-02-19,107299.85630607605
2019-02-20,107299.85630607605
2019-02-21,107299.85630607605
2019-02-22,107299.85630607605
2019-02-25,107299.85630607605
2019-02-26,107299.85630607605
2019-02-27,107299.85630607605
2019-02-28,107299.85630607605
2019-03-01,107414.65376091003
2019-03-04,107372.48048210144
2019-03-05,107629.2220287323
2019-03-06,107667.55564689636
2019-03-07,107488.28837394714
2019-03-08,107382.88676261902
2019-03-11,108454.11606407166
2019-03-12,108573.47220993042
2019-03-13,108974.02710914612
2019-03-14,108811.28100585938
2019-03-15,110867.83240127563
2019-03-18,111002.08783721924
2019-03-19,111451.8103466034
2019-03-20,110589.81127166748
2019-03-21,111114.45550918579
2019-03-22,111114.45550918579
2019-03-25,111114.45550918579
2019-03-26,111114.45550918579
2019-03-27,111114.45550918579
2019-03-28,111067.88075637817
2019-03-29,111706.3712425232
2019-04-01,113299.43976974487
2019-04-02,113318.31774520874
2019-04-03,114232.57982254028
2019-04-04,114586.86101150513
2019-04-05,115131.90496444702
2019-04-08,115432.83739089966
2019-04-09,114921.32475662231
2019-04-10,115543.26291275024
2019-04-11,115490.08169937134
2019-04-12,115923.32913589478
2019-04-15,116018.23022842407
2019-04-16,121493.63550186157
2019-04-17,125054.50305557251
2019-04-18,125028.4386138916
2019-04-22,125789.70367050171
2019-04-23,128304.930393219
2019-04-24,128337.7123298645
2019-04-25,128045.95366287231
2019-04-26,128857.65901565552
2019-04-29,128620.93852996826
2019-04-30,128836.03762435913
2019-05-01,128103.51667785645
2019-05-02,127831.3444852829
2019-05-03,127863.54957580566
2019-05-06,127934.74088191986
2019-05-07,127497.4302482605
2019-05-08,127631.87281799316
2019-05-09,126767.69180583954
2019-05-10,129635.57578277588
2019-05-13,125032.21176719666
2019-05-14,127057.572057724
2019-05-15,127509.56255817413
2019-05-16,128011.31588745117
2019-05-17,126382.02638053894
2019-05-20,122087.61601352692
2019-05-21,124393.97218894958
2019-05-22,121121.85809612274
2019-05-23,118587.5919303894
2019-05-24,118040.19046878815
2019-05-28,117384.91381931305
2019-05-29,117781.72341632843
2019-05-30,118413.81524372101
2019-05-31,116664.4455499649
2019-06-03,116303.83667087555
2019-06-04,119032.31308460236
2019-06-05,119550.2643251419
2019-06-06,119679.51295948029
2019-06-07,120205.52637195587
2019-06-10,120363.76398181915
2019-06-11,120562.14101886749
2019-06-12,120562.14101886749
2019-06-13,120562.14101886749
2019-06-14,120562.14101886749
2019-06-17,120562.14101886749
2019-06-18,120562.14101886749
2019-06-19,120562.14101886749
2019-06-20,120562.14101886749
2019-06-21,120562.14101886749
2019-06-24,120562.14101886749
2019-06-25,120562.14101886749
2019-06-26,120562.14101886749
2019-06-27,120562.14101886749
2019-06-28,120721.3202161789
2019-07-01,120767.40176868439
2019-07-02,121094.14776706696
2019-07-03,121177.92614078522
2019-07-05,121249.1417798996
2019-07-08,121069.00937175751
2019-07-09,121019.23850154877
2019-07-10,121109.48104572296
2019-07-11,121168.63009357452
2019-07-12,121355.82055950165
2019-07-15,121359.0272397995
2019-07-16,121948.15338993073
2019-07-17,121326.81161594391
2019-07-18,122182.52400493622
2019-07-19,121952.08225917816
2019-07-22,121737.377202034
2019-07-23,121959.09528827667
2019-07-24,122394.0489358902
2019-07-25,122341.77079868317
2019-07-26,122164.448138237
2019-07-29,122354.49761867523
2019-07-30,122445.4821691513
2019-07-31,120590.7934923172
2019-08-01,118525.52209377289
2019-08-02,117481.93609523773
2019-08-05,111890.15298366547
2019-08-06,114680.33325958252
2019-08-07,116192.00006008148
2019-08-08,121219.4632730484
2019-08-09,119350.77954769135
2019-08-12,117247.70168876648
2019-08-13,121055.33188438416
2019-08-14,114083.1362323761
2019-08-15,114332.55198001862
2019-08-16,117225.55020046234
2019-08-19,118532.89330387115
2019-08-20,118167.27573108673
2019-08-21,118465.9984331131
2019-08-22,118294.2745256424
2019-08-23,117714.73483371735
2019-08-26,117959.36838626862
2019-08-27,118259.90909671783
2019-08-28,118537.03179645538
2019-08-29,118923.1809053421
2019-08-30,119020.43124103546
2019-09-03,118916.50762653351
2019-09-04,119260.6980714798
2019-09-05,119568.6580324173
2019-09-06,119643.98478412628
2019-09-09,119500.96998310089
2019-09-10,119500.96998310089
2019-09-11,119291.7337846756
2019-09-12,119276.65247821808
2019-09-13,119269.01846027374
2019-09-16,119162.12655353546
2019-09-17,119949.4902009964
2019-09-18,119882.36098957062
2019-09-19,119697.21140003204
2019-09-20,119579.98058795929
2019-09-23,119664.29970264435
2019-09-24,119283.52351856232
2019-09-25,119283.52351856232
2019-09-26,119283.52351856232
2019-09-27,119283.52351856232
2019-09-30,119283.52351856232
2019-10-01,119283.52351856232
2019-10-02,118832.06174182892
2019-10-03,120088.08504962921
2019-10-04,121882.8031129837
2019-10-07,121094.59801959991
2019-10-08,117512.92851734161
2019-10-09,119113.06757068634
2019-10-10,119737.55126667023
2019-10-11,121599.99645709991
2019-10-14,121440.23078632355
2019-10-15,122938.03356647491
2019-10-16,122023.76989459991
2019-10-17,122197.05592632294
2019-10-18,121497.39061069489
2019-10-21,122976.1336812973
2019-10-22,120916.2724199295
2019-10-23,121254.58369731903
2019-10-24,122197.66978168488
2019-10-25,122246.1992635727
2019-10-28,122625.31910800934
2019-10-29,122694.8291273117
2019-10-30,123248.37456989288
2019-10-31,122507.61857318878
2019-11-01,122991.72407245636
2019-11-04,123099.84896945953
2019-11-05,123768.09932422638
2019-11-06,123372.62466907501
2019-11-07,123261.37001132965
2019-11-08,123571.39258289337
2019-11-11,123826.88254261017
2019-11-12,123640.95442676544
2019-11-13,123486.78049945831
2019-11-14,123546.2422838211
2019-11-15,123392.24764728546
2019-11-18,123392.24764728546
2019-11-19,123392.24764728546
2019-11-20,123392.24764728546
2019-11-21,123311.83204174042
2019-11-22,123693.82662582397
2019-11-25,123935.088596344
2019-11-26,123827.86576843262
2019-11-27,123747.44258594513
2019-11-29,123566.49913883209
2019-12-02,123191.19347953796
2019-12-03,122942.14442253113
2019-12-04,123291.6162853241
2019-12-05,123522.05857658386
2019-12-06,124115.80584144592
2019-12-09,123720.98068618774
2019-12-10,123722.15456581116
2019-12-11,124661.66452789307
2019-12-12,125239.99847602844
2019-12-13,123956.47281646729
2019-12-16,124676.49121665955
2019-12-17,124857.64072990417
2019-12-18,124619.87891960144
2019-12-19,124640.0816783905
2019-12-20,124523.53197479248
2019-12-23,124388.3326587677
2019-12-24,124399.21061134338
2019-12-26,124500.22144126892
2019-12-27,124455.155002594
2019-12-30,124455.155002594
2019-12-31,124455.155002594
2020-01-02,124455.155002594
2020-01-03,124455.155002594
2020-01-06,124455.155002594
2020-01-07,124455.155002594
2020-01-08,124787.00500869751
2020-01-09,124624.27270126343
2020-01-10,123847.39860343933
2020-01-13,124006.82990837097
2020-01-14,124576.2357006073
2020-01-15,124166.25940322876
2020-01-16,124608.94739151001
2020-01-17,124729.37211036682
2020-01-21,123955.63803863525
2020-01-22,124751.64906692505
2020-01-23,125811.1819152832
2020-01-24,125062.37260437012
2020-01-27,123778.57653617859
2020-01-28,125677.72516441345
2020-01-29,124377.79922866821
2020-01-30,125407.75908184052
2020-01-31,121370.3645067215
2020-02-03,121677.77855396271
2020-02-04,124461.04728031158
2020-02-05,127845.1142282486
2020-02-06,127525.76060199738
2020-02-07,125486.44652271271
2020-02-10,126067.39765262604
2020-02-11,127026.22762775421
2020-02-12,127903.15009403229
2020-02-13,127287.58936405182
2020-02-14,127091.51747226715
2020-02-18,126911.52708530426
2020-02-19,126825.3766489029
2020-02-20,126696.16461277008
2020-02-21,126584.1799402237
2020-02-24,125679.65483188629
2020-02-25,121325.09341907501
2020-02-26,119933.31424427032
2020-02-27,112468.56149578094
2020-02-28,112573.11091709137
2020-03-02,117729.57388782501
2020-03-03,112904.59194660187
2020-03-04,120121.57883548737
2020-03-05,114239.75660991669
2020-03-06,111894.26668071747
2020-03-09,103154.49317646027
2020-03-10,103833.93305683136
2020-03-11,103127.85282611847
2020-03-12,102539.05302143097
2020-03-13,102539.05302143097
2020-03-16,102539.05302143097
2020-03-17,102539.05302143097
2020-03-18,102539.05302143097
2020-03-19,102539.05302143097
2020-03-20,102539.05302143097
2020-03-23,102539.05302143097
2020-03-24,102539.05302143097
2020-03-25,102539.05302143097
2020-03-26,102539.05302143097
2020-03-27,102539.05302143097
2020-03-30,102539.05302143097
2020-03-31,102539.05302143097
2020-04-01,102539.05302143097
2020-04-02,102539.05302143097
2020-04-03,102539.05302143097
2020-04-06,102539.05302143097
2020-04-07,102539.05302143097
2020-04-08,102539.05302143097
2020-04-09,102539.05302143097
2020-04-13,102539.05302143097
2020-04-14,102539.05302143097
2020-04-15,102539.05302143097
2020-04-16,102539.05302143097
2020-04-17,102539.05302143097
2020-04-20,102539.05302143097
2020-04-21,102539.05302143097
2020-04-22,102539.05302143097
2020-04-23,102539.05302143097
2020-04-24,102539.05302143097
2020-04-27,102539.05302143097
2020-04-28,102539.05302143097
2020-04-29,102539.05302143097
2020-04-30,102539.05302143097
2020-05-01,102539.05302143097
2020-05-04,102539.05302143097
2020-05-05,102539.05302143097
2020-05-06,102539.05302143097
2020-05-07,102671.70728778839
2020-05-08,102647.58314228058
2020-05-11,102632.51073932648
2020-05-12,102222.50143146515
2020-05-13,101776.31757831573
2020-05-14,102200.7801027298
2020-05-15,102369.46867084503
2020-05-18,103950.40380954742
2020-05-19,103606.40925502777
2020-05-20,104133.67236423492
2020-05-21,104142.5369386673
2020-05-22,104378.47037220001
2020-05-26,104960.78241062164
2020-05-27,105536.86776447296
2020-05-28,105467.33671092987
2020-05-29,105788.88579845428
2020-06-01,105446.83828258514
2020-06-02,105203.43659496307
2020-06-03,105349.47476482391
2020-06-04,105349.47476482391
2020-06-05,105349.47476482391
2020-06-08,105314.79513835907
2020-06-09,105612.63495159149
2020-06-10,105790.62445354462
2020-06-11,105257.67538738251
2020-06-12,105257.67538738251
2020-06-15,105257.67538738251
2020-06-16,105257.67538738251
2020-06-17,105257.67538738251
2020-06-18,105257.67538738251
2020-06-19,105257.67538738251
2020-06-22,105257.67538738251
2020-06-23,105257.67538738251
2020-06-24,105257.67538738251
2020-06-25,105257.67538738251
2020-06-26,105257.67538738251
2020-06-29,105770.4345960617
2020-06-30,106042.97289562225
2020-07-01,106400.16569805145
2020-07-02,106789.96397686005
2020-07-06,107243.22218608856
2020-07-07,107089.40680217743
2020-07-08,107247.6042432785
2020-07-09,107466.77237224579
2020-07-10,108296.61306285858
2020-07-13,107964.65507793427
2020-07-14,108015.0947523117
2020-07-15,108453.53516674042
2020-07-16,108546.65507793427
2020-07-17,108313.85492992401
2020-07-20,108061.65507793427
2020-07-21,108143.13472270966
2020-07-22,108193.57513713837
2020-07-23,108286.69504833221
2020-07-24,108286.69504833221
2020-07-27,108911.28980541229
2020-07-28,108315.01026439667
2020-07-29,108116.2171125412
2020-07-30,107977.85415935516
2020-07-31,106765.53383159637
2020-08-03,107675.1363401413
2020-08-04,107284.7953672409
2020-08-05,106677.18933391571
2020-08-06,106716.54020214081
2020-08-07,106674.31074810028
2020-08-10,106650.50675487518
2020-08-11,106697.4555234909
2020-08-12,107112.89928722382
2020-08-13,107489.0424451828
2020-08-14,107115.69292736053
2020-08-17,107901.3581495285
2020-08-18,108707.96777629852
2020-08-19,108695.14723491669
2020-08-20,109352.19687175751
2020-08-21,109277.39775371552
2020-08-24,109577.44764995575
2020-08-25,109614.84785747528
2020-08-26,109614.84785747528
2020-08-27,109614.84785747528
2020-08-28,109810.72859477997
2020-08-31,109654.0304441452
2020-09-01,109732.36986064911
2020-09-02,110454.8978395462
2020-09-03,109275.65466213226
2020-09-04,108796.45157623291
2020-09-08,106973.43270301819
2020-09-09,109538.25847816467
2020-09-10,107136.75179386139
2020-09-11,107440.5209236145
2020-09-14,109229.73525238037
2020-09-15,110828.66185379028
2020-09-16,110061.92083835602
2020-09-17,109789.3328332901
2020-09-18,108219.96819019318
2020-09-21,106991.99791622162
2020-09-22,108239.63899326324
2020-09-23,106787.60635089874
2020-09-24,107338.49154758453
2020-09-25,108159.7367105484
2020-09-28,110765.34313297272
2020-09-29,109935.5496301651
2020-09-30,111104.86237430573
2020-10-01,110389.51641559601
2020-10-02,109495.8737039566
2020-10-05,110991.14252948761
2020-10-06,110649.49722766876
2020-10-07,111311.60239124298
2020-10-08,111596.34727954865
2020-10-09,111596.34727954865
2020-10-12,111596.34727954865
2020-10-13,111596.34727954865
2020-10-14,111596.34727954865
2020-10-15,111596.34727954865
2020-10-16,111677.54736804962
2020-10-19,111748.01715564728
2020-10-20,111597.96416950226
2020-10-21,111667.29155635834
2020-10-22,112079.20511341095
2020-10-23,112118.19741344452
2020-10-26,111330.71205615997
2020-10-27,111154.14839839935
2020-10-28,109054.75845241547
2020-10-29,110632.92801952362
2020-10-30,110343.42200756073
2020-11-02,113435.22930622101
2020-11-03,116443.4135427475
2020-11-04,118667.68862628937
2020-11-05,123263.20215320587
2020-11-06,124596.7029542923
2020-11-09,128646.30482959747
2020-11-10,127755.99189853668
2020-11-11,128470.260846138
2020-11-12,128517.48753070831
2020-11-13,128702.43375873566
2020-11-16,128702.43375873566
2020-11-17,128702.43375873566
2020-11-18,128702.43375873566
2020-11-19,128702.43375873566
2020-11-20,128702.43375873566
2020-11-23,128702.43375873566
2020-11-24,128702.43375873566
2020-11-25,128702.43375873566
2020-11-27,128702.43375873566
2020-11-30,128702.43375873566
2020-12-01,128767.4109659195
2020-12-02,128729.01074695587
2020-12-03,128463.2181634903
2020-12-04,128596.11961460114
2020-12-07,128480.94372272491
2020-12-08,128510.46981143951
2020-12-09,128796.93499088287
2020-12-10,128315.56089115143
2020-12-11,128229.91315174103
2020-12-14,127934.59241580963
2020-12-15,127934.59241580963
2020-12-16,127934.59241580963
2020-12-17,127934.59241580963
2020-12-18,127934.59241580963
2020-12-21,127934.59241580963
2020-12-22,127934.59241580963
2020-12-23,128104.99036502838
2020-12-24,127965.9797449112
2020-12-28,127885.26437473297
2020-12-29,127858.36274814606
2020-12-30,127777.64737796783
2020-12-31,128499.60000705719
2021-01-04,128499.60000705719
2021-01-05,128839.3474855423
2021-01-06,129281.5585641861
2021-01-07,129610.52126979828
2021-01-08,130171.3790063858
2021-01-11,130025.77631473541
2021-01-12,130640.56263446808
2021-01-13,130144.41825389862
2021-01-14,129939.48869419098
2021-01-15,130737.06998538971
2021-01-19,131415.7803659439
2021-01-20,132228.93630313873
2021-01-21,132075.7988061905
2021-01-22,131759.1397409439
2021-01-25,132527.56626224518
2021-01-26,133612.4502954483
2021-01-27,129942.19590091705
2021-01-28,132619.94622135162
2021-01-29,128543.94506168365
2021-02-01,129510.52983951569
2021-02-02,131692.93093967438
2021-02-03,130077.00049304962
2021-02-04,131178.47608661652
2021-02-05,131348.55513477325
2021-02-08,131557.0426607132
2021-02-09,130996.02084445953
2021-02-10,130752.3074388504
2021-02-11,130362.90458393097
2021-02-12,130326.34122943878
2021-02-16,130149.97491931915
2021-02-17,130504.29776477814
2021-02-18,130679.48087787628
2021-02-19,130128.90388202667
2021-02-22,130028.80199146271
2021-02-23,130180.88103961945
2021-02-24,130048.04664325714
2021-02-25,129645.70325946808
2021-02-26,129489.77003955841
2021-03-01,130231.55428028107
2021-03-02,130219.40617847443
2021-03-03,129596.32299137115
2021-03-04,129975.76931476593
2021-03-05,133118.695353508
2021-03-08,131159.39971637726
2021-03-09,133253.60365200043
2021-03-10,133622.3616361618
2021-03-11,134682.29902935028
2021-03-12,134948.6499929428
2021-03-15,135726.64502811432
2021-03-16,135561.11537647247
2021-03-17,136218.4277009964
2021-03-18,134398.2445783615
2021-03-19,134887.67924022675
2021-03-22,135402.25580883026
2021-03-23,135402.25580883026
2021-03-24,135402.25580883026
2021-03-25,135402.25580883026
2021-03-26,135402.25580883026
2021-03-29,135367.41570568085
2021-03-30,135482.33565807343
2021-03-31,135483.37568187714
2021-04-01,135475.5758008957
2021-04-05,135388.73569774628
2021-04-06,135479.21578502655
2021-04-07,135479.73569774628
2021-04-08,135401.21578502655
2021-04-09,135407.45572948456
2021-04-12,135323.21578502655
2021-04-13,135323.21578502655
2021-04-14,135323.21578502655
2021-04-15,135323.21578502655
2021-04-16,135323.21578502655
2021-04-19,135323.21578502655
2021-04-20,135323.21578502655
2021-04-21,135323.21578502655
2021-04-22,135323.21578502655
2021-04-23,135323.21578502655
2021-04-26,135208.39808177948
2021-04-27,135019.4290342331
2021-04-28,134935.705534935
2021-04-29,135285.2907590866
2021-04-30,134770.62870693207
2021-05-03,136143.20852947235
2021-05-04,135676.30595302582
2021-05-05,138171.25914669037
2021-05-06,140616.578997612
2021-05-07,142305.52409267426
2021-05-10,139925.22168254852
2021-05-11,140305.61831188202
2021-05-12,138401.21538448334
2021-05-13,140083.08923625946
2021-05-14,142355.76222515106
2021-05-17,141070.2274198532
2021-05-18,139453.2479429245
2021-05-19,139349.211810112
2021-05-20,139271.6329832077
2021-05-21,138856.9845457077
2021-05-24,139282.85388469696
2021-05-25,138995.03694438934
2021-05-26,139304.02785015106
2021-05-27,139612.6573820114
2021-05-28,139883.09515666962
2021-06-01,139592.47084331512
2021-06-02,139828.63475322723
2021-06-03,139983.06904888153
2021-06-04,139920.37912273407
2021-06-07,139848.46954631805
2021-06-08,140164.98741436005
2021-06-09,140537.84123516083
2021-06-10,140982.81219768524
2021-06-11,140899.9133939743
2021-06-14,141026.99420452118
2021-06-15,140513.95404338837
2021-06-16,139955.4988412857
2021-06-17,139424.23978328705
2021-06-18,138928.8942861557
2021-06-21,141249.29576396942
2021-06-22,141069.3903989792
2021-06-23,140122.90631961823
2021-06-24,142707.9804868698
2021-06-25,144264.38476848602
2021-06-28,144735.57226467133
2021-06-29,143859.76269817352
2021-06-30,144267.76749134064
2021-07-01,144853.10783863068
2021-07-02,146172.1042985916
2021-07-06,145738.4313402176
2021-07-07,145395.5432138443
2021-07-08,145439.4786081314
2021-07-09,146177.64496135712
2021-07-12,146693.26846027374
2021-07-13,146026.23659610748
2021-07-14,145725.30733585358
2021-07-15,144966.7939195633
2021-07-16,144485.6329164505
2021-07-19,144253.5313615799
2021-07-20,146108.9193162918
2021-07-21,148263.76554584503
2021-07-22,147444.41428089142
2021-07-23,146281.98218250275
2021-07-26,147288.82743549347
2021-07-27,146244.63940143585
2021-07-28,145549.00129795074
2021-07-29,146275.1553964615
2021-07-30,145946.6301088333
2021-08-02,145574.4438753128
2021-08-03,146200.18415546417
2021-08-04,143947.4825181961
2021-08-05,144834.49233722687
2021-08-06,144368.18303775787
2021-08-09,144225.95450687408
2021-08-10,144240.47745609283
2021-08-11,144518.3393793106
2021-08-12,144423.69188785553
2021-08-13,145065.07898807526
2021-08-16,145720.834649086
2021-08-17,147048.06839847565
2021-08-18,145032.60260868073
2021-08-19,144998.59224796295
2021-08-20,145297.56296634674
2021-08-23,147166.16352176666
2021-08-24,148685.31406497955
2021-08-25,148700.44440555573
2021-08-26,147998.54008579254
2021-08-27,149143.88353824615
2021-08-30,148713.5027551651
2021-08-31,148822.490357399
2021-09-01,148624.46490573883
2021-09-02,148583.3737192154
2021-09-03,148400.50341129303
2021-09-07,148221.3412103653
2021-09-08,148285.55943393707
2021-09-09,148206.98595523834
2021-09-10,147000.28719234467
2021-09-13,149461.23092556
2021-09-14,147255.70880413055
2021-09-15,149621.8877401352
2021-09-16,149543.66779994965
2021-09-17,148727.30548381805
2021-09-20,144665.77661037445
2021-09-21,143006.56780529022
2021-09-22,143723.95829296112
2021-09-23,145410.37534999847
2021-09-24,145416.75237751007
2021-09-27,145811.05720615387
2021-09-28,143279.1557302475
2021-09-29,143952.90679836273
2021-09-30,141281.2222852707
2021-10-01,142359.13083553314
2021-10-04,140505.32631397247
2021-10-05,142189.94341945648
2021-10-06,144316.09959506989
2021-10-07,145630.30957317352
2021-10-08,144097.93987560272
2021-10-11,142749.54359912872
2021-10-12,142673.6844110489
2021-10-13,143578.969912529
2021-10-14,148345.44876194
2021-10-15,148357.14263248444
2021-10-18,147385.8986787796
2021-10-19,148946.19160938263
2021-10-20,150303.62698078156
2021-10-21,149251.5566110611
2021-10-22,145795.3107728958
2021-10-25,145498.8149805069
2021-10-26,145098.10620975494
2021-10-27,144959.80851840973
2021-10-28,145561.8140039444
2021-10-29,145232.94525241852
2021-11-01,146386.97698307037
2021-11-02,146695.2562227249
2021-11-03,148221.5892419815
2021-11-04,147808.74044895172
2021-11-05,148629.4336900711
2021-11-08,148321.34882831573
2021-11-09,148635.62894916534
2021-11-10,149607.20259571075
2021-11-11,150206.19523334503
2021-11-12,150026.30391788483
2021-11-15,150026.30391788483
2021-11-16,150026.30391788483
2021-11-17,150026.30391788483
2021-11-18,150026.30391788483
2021-11-19,150026.30391788483
2021-11-22,150026.30391788483
2021-11-23,149669.62337589264
2021-11-24,149930.10482120514
2021-11-26,149176.04464054108
2021-11-29,149690.49221134186
2021-11-30,148597.50258731842
2021-12-01,146413.48622608185
2021-12-02,151246.05113315582
2021-12-03,152813.40143299103
2021-12-06,156322.1895723343
2021-12-07,156281.15137958527
2021-12-08,156507.40335559845
2021-12-09,155646.0389032364
2021-12-10,157653.922413826
2021-12-13,157679.43124485016
2021-12-14,157306.8660211563
2021-12-15,157242.98579883575
2021-12-16,157444.1072435379
2021-12-17,157084.5803079605
2021-12-20,156739.19033908844
2021-12-21,157380.84834384918
2021-12-22,157460.65892505646
2021-12-23,157814.73073673248
2021-12-27,158189.51393985748
2021-12-28,158044.13185977936
2021-12-29,158196.18044376373
2021-12-30,158097.47927188873
2021-12-31,158229.5239496231
2022-01-03,158229.5239496231
2022-01-04,158229.5239496231
2022-01-05,158229.5239496231
2022-01-06,158030.40388584137
2022-01-07,157732.67363071442
2022-01-10,157531.40723514557
2022-01-11,160845.44439029694
2022-01-12,161131.68646335602
2022-01-13,158752.88826084137
2022-01-14,158498.65711307526
2022-01-18,153353.0268716812
2022-01-19,150513.19494342804
2022-01-20,146206.43197727203
2022-01-21,143748.1126871109
2022-01-24,147053.6131219864
2022-01-25,142979.70975589752
2022-01-26,142966.90304660797
2022-01-27,141189.811709404
2022-01-28,142989.36573314667
2022-01-31,144610.99372386932
2022-02-01,145151.20409679413
2022-02-02,146020.63378429413
2022-02-03,146020.63378429413
2022-02-04,146020.63378429413
2022-02-07,146020.63378429413
2022-02-08,146020.63378429413
2022-02-09,146020.63378429413
2022-02-10,146020.63378429413
2022-02-11,146020.63378429413
2022-02-14,146020.63378429413
2022-02-15,146020.63378429413
2022-02-16,146020.63378429413
2022-02-17,146020.63378429413
2022-02-18,146020.63378429413
2022-02-22,146020.63378429413
2022-02-23,146020.63378429413
2022-02-24,146020.63378429413
2022-02-25,146020.63378429413
2022-02-28,146020.63378429413
2022-03-01,146020.63378429413
2022-03-02,146020.63378429413
2022-03-03,146020.63378429413
2022-03-04,146020.63378429413
2022-03-07,146020.63378429413
2022-03-08,146020.63378429413
2022-03-09,146020.63378429413
2022-03-10,146020.63378429413
2022-03-11,146020.63378429413
2022-03-14,146020.63378429413
2022-03-15,146020.63378429413
2022-03-16,146020.63378429413
2022-03-17,146020.63378429413
2022-03-18,146020.63378429413
2022-03-21,146020.63378429413
2022-03-22,146020.63378429413
2022-03-23,146020.63378429413
2022-03-24,146020.63378429413
2022-03-25,146020.63378429413
2022-03-28,146020.63378429413
2022-03-29,146020.63378429413
2022-03-30,146020.63378429413
2022-03-31,146020.63378429413
2022-04-01,146020.63378429413
2022-04-04,146020.63378429413
2022-04-05,146020.63378429413
2022-04-06,146168.8151731491
2022-04-07,146120.19163036346
2022-04-08,146069.25732707977
2022-04-11,145960.4332075119
2022-04-12,145921.0743894577
2022-04-13,146113.25005626678
2022-04-14,146222.0679807663
2022-04-18,146252.1713666916
2022-04-19,146729.13277721405
2022-04-20,147122.74573802948
2022-04-21,147122.74573802948
2022-04-22,147122.74573802948
2022-04-25,147122.74573802948
2022-04-26,147122.74573802948
2022-04-27,147122.74573802948
2022-04-28,147122.74573802948
2022-04-29,147122.74573802948
2022-05-02,147122.74573802948
2022-05-03,147122.74573802948
2022-05-04,147122.74573802948
2022-05-05,147122.74573802948
2022-05-06,147122.74573802948
2022-05-09,147122.74573802948
2022-05-10,147122.74573802948
2022-05-11,147122.74573802948
2022-05-12,147122.74573802948
2022-05-13,147122.74573802948
2022-05-16,147122.74573802948
2022-05-17,147122.74573802948
2022-05-18,147122.74573802948
2022-05-19,147122.74573802948
2022-05-20,147122.74573802948
2022-05-23,147122.74573802948
2022-05-24,147122.74573802948
2022-05-25,147122.74573802948
2022-05-26,147122.74573802948
2022-05-27,147122.74573802948
2022-05-31,147122.74573802948
2022-06-01,147122.74573802948
2022-06-02,147122.74573802948
2022-06-03,147122.74573802948
2022-06-06,147122.74573802948
2022-06-07,147122.74573802948
2022-06-08,147122.74573802948
2022-06-09,147122.74573802948
2022-06-10,147122.74573802948
2022-06-13,147122.74573802948
2022-06-14,147122.74573802948
2022-06-15,147122.74573802948
2022-06-16,147122.74573802948
2022-06-17,147122.74573802948
2022-06-21,147122.74573802948
2022-06-22,147122.74573802948
2022-06-23,147122.74573802948
2022-06-24,147122.74573802948
2022-06-27,147122.74573802948
2022-06-28,147122.74573802948
2022-06-29,147122.74573802948
2022-06-30,147122.74573802948
2022-07-01,147122.74573802948
2022-07-05,147122.74573802948
2022-07-06,147122.74573802948
2022-07-07,147122.74573802948
2022-07-08,147122.74573802948
2022-07-11,147122.74573802948
2022-07-12,147122.74573802948
2022-07-13,147122.74573802948
2022-07-14,147122.74573802948
2022-07-15,147122.74573802948
2022-07-18,147122.74573802948
2022-07-19,147122.74573802948
2022-07-20,147122.74573802948
2022-07-21,147122.74573802948
2022-07-22,147122.74573802948
2022-07-25,147122.74573802948
2022-07-26,147122.74573802948
2022-07-27,147122.74573802948
2022-07-28,147122.74573802948
2022-07-29,147122.74573802948
2022-08-01,147122.74573802948
2022-08-02,147122.74573802948
2022-08-03,147122.74573802948
2022-08-04,147122.74573802948
2022-08-05,147122.74573802948
2022-08-08,147122.74573802948
2022-08-09,147122.74573802948
2022-08-10,147122.74573802948
2022-08-11,147122.74573802948
2022-08-12,147122.74573802948
2022-08-15,147122.74573802948
2022-08-16,147122.74573802948
2022-08-17,147122.74573802948
2022-08-18,147122.74573802948
2022-08-19,147122.74573802948
2022-08-22,147122.74573802948
2022-08-23,147122.74573802948
2022-08-24,147122.74573802948
2022-08-25,147122.74573802948
2022-08-26,147122.74573802948
2022-08-29,147122.74573802948
2022-08-30,147122.74573802948
2022-08-31,147122.74573802948
2022-09-01,147122.74573802948
2022-09-02,147122.74573802948
2022-09-06,147122.74573802948
2022-09-07,147122.74573802948
2022-09-08,147122.74573802948
2022-09-09,147122.74573802948
2022-09-12,147122.74573802948
2022-09-13,147122.74573802948
2022-09-14,147122.74573802948
2022-09-15,147122.74573802948
2022-09-16,147122.74573802948
2022-09-19,147122.74573802948
2022-09-20,147122.74573802948
2022-09-21,147122.74573802948
2022-09-22,147122.74573802948
2022-09-23,147122.74573802948
2022-09-26,147122.74573802948
2022-09-27,147122.74573802948
2022-09-28,147122.74573802948
2022-09-29,147122.74573802948
2022-09-30,147122.74573802948
2022-10-03,147122.74573802948
2022-10-04,147122.74573802948
2022-10-05,147122.74573802948
2022-10-06,147122.74573802948
2022-10-07,147122.74573802948
2022-10-10,147122.74573802948
2022-10-11,147122.74573802948
2022-10-12,147122.74573802948
2022-10-13,147122.74573802948
2022-10-14,147122.74573802948
2022-10-17,147122.74573802948
2022-10-18,147122.74573802948
2022-10-19,147122.74573802948
2022-10-20,147122.74573802948
2022-10-21,147122.74573802948
2022-10-24,147122.74573802948
2022-10-25,147122.74573802948
2022-10-26,147122.74573802948
2022-10-27,147122.74573802948
2022-10-28,147122.74573802948
2022-10-31,147122.74573802948
2022-11-01,147122.74573802948
2022-11-02,147122.74573802948
2022-11-03,147122.74573802948
2022-11-04,147122.74573802948
2022-11-07,147122.74573802948
2022-11-08,147122.74573802948
2022-11-09,147122.74573802948
2022-11-10,147122.74573802948
2022-11-11,147122.74573802948
2022-11-14,147122.74573802948
2022-11-15,147122.74573802948
2022-11-16,147122.74573802948
2022-11-17,147122.74573802948
2022-11-18,147122.74573802948
2022-11-21,147122.74573802948
2022-11-22,147122.74573802948
2022-11-23,147122.74573802948
2022-11-25,147122.74573802948
2022-11-28,147122.74573802948
2022-11-29,147122.74573802948
2022-11-30,147122.74573802948
2022-12-01,147122.74573802948
2022-12-02,147122.74573802948
2022-12-05,147122.74573802948
2022-12-06,147122.74573802948
2022-12-07,147122.74573802948
2022-12-08,147122.74573802948
2022-12-09,147122.74573802948
2022-12-12,147122.74573802948
2022-12-13,147122.74573802948
2022-12-14,147122.74573802948
2022-12-15,147122.74573802948
2022-12-16,147122.74573802948
2022-12-19,147122.74573802948
2022-12-20,147122.74573802948
2022-12-21,147122.74573802948
2022-12-22,147122.74573802948
2022-12-23,147122.74573802948
2022-12-27,147122.74573802948
2022-12-28,147122.74573802948
2022-12-29,147122.74573802948
2022-12-30,147122.74573802948
2023-01-03,147122.74573802948
2023-01-04,147122.74573802948
2023-01-05,147122.74573802948
2023-01-06,147122.74573802948
2023-01-09,147122.74573802948
2023-01-10,147122.74573802948
2023-01-11,147122.74573802948
2023-01-12,147122.74573802948
2023-01-13,147122.74573802948
2023-01-17,147122.74573802948
2023-01-18,147122.74573802948
2023-01-19,147122.74573802948
2023-01-20,147122.74573802948
2023-01-23,147122.74573802948
2023-01-24,147122.74573802948
2023-01-25,147122.74573802948
2023-01-26,147122.74573802948
2023-01-27,147122.74573802948
2023-01-30,147679.39811229706
2023-01-31,148008.54896068573
2023-02-01,148448.66944408417
2023-02-02,148433.77170848846
2023-02-03,147535.71638774872
2023-02-06,147441.0156583786
2023-02-07,148050.9064435959
2023-02-08,147702.33726024628
2023-02-09,147737.21205425262
2023-02-10,147990.53848552704
2023-02-13,149617.4295988083
2023-02-14,149926.3955564499
2023-02-15,149816.41755199432
2023-02-16,149396.50387096405
2023-02-17,150266.5311536789
2023-02-21,147252.32290172577
2023-02-22,147252.32290172577
2023-02-23,147252.32290172577
2023-02-24,146948.702586174
2023-02-27,146959.51238536835
2023-02-28,147027.19250011444
2023-03-01,147212.84235668182
2023-03-02,147167.72275829315
2023-03-03,147550.30272960663
2023-03-06,147414.94250011444
2023-03-07,147163.02247142792
2023-03-08,146978.3128156662
2023-03-09,146430.00161266327
2023-03-10,146696.8496351242
2023-03-13,147378.0795545578
2023-03-14,147044.51735973358
2023-03-15,147598.7346754074
2023-03-16,147979.39556407928
2023-03-17,146439.11641979218
2023-03-20,149220.63838481903
2023-03-21,149998.25345897675
2023-03-22,147970.77884960175
2023-03-23,147318.65533733368
2023-03-24,147907.6915693283
2023-03-27,148560.62732219696
2023-03-28,149340.08574199677
2023-03-29,150741.30314159393
2023-03-30,151793.50761699677
2023-03-31,152834.84408855438
2023-04-03,152435.06006145477
2023-04-04,152111.73574352264
2023-04-05,152042.25278759003
2023-04-06,151848.40729045868
2023-04-10,152458.2695798874
2023-04-11,152458.2695798874
2023-04-12,152458.2695798874
2023-04-13,152458.2695798874
2023-04-14,152458.2695798874
2023-04-17,152458.2695798874
2023-04-18,152458.2695798874
2023-04-19,152458.2695798874
2023-04-20,152458.2695798874
2023-04-21,152458.2695798874
2023-04-24,152458.2695798874
2023-04-25,152458.2695798874
2023-04-26,151828.00474452972
2023-04-27,155791.8114824295
2023-04-28,157907.84827518463
2023-05-01,159010.4596376419
2023-05-02,157692.29423236847
2023-05-03,157330.82674503326
2023-05-04,156197.0116968155
2023-05-05,157376.88756656647
2023-05-08,156651.39638233185
2023-05-09,153629.2118616104
2023-05-10,154066.626496315
2023-05-11,153720.21596622467
2023-05-12,154974.86145877838
2023-05-15,156066.8225698471
2023-05-16,153183.3398218155
2023-05-17,154899.00045681
2023-05-18,155776.24006557465
2023-05-19,156187.37108898163
2023-05-22,156788.65883731842
2023-05-23,155702.61957263947
2023-05-24,154427.6529417038
2023-05-25,153603.8816614151
2023-05-26,154980.33384418488
2023-05-30,153045.93664073944
2023-05-31,155474.38328266144
2023-06-01,155605.48639392853
2023-06-02,158831.49256038666
2023-06-05,158461.55447101593
2023-06-06,155208.24894237518
2023-06-07,155376.2120294571
2023-06-08,158643.37765979767
2023-06-09,158074.7487192154
2023-06-12,158549.94227695465
2023-06-13,159160.3803987503
2023-06-14,158017.22253131866
2023-06-15,158688.339802742
2023-06-16,158427.58411884308
2023-06-20,158427.58411884308
2023-06-21,158427.58411884308
2023-06-22,158427.58411884308
2023-06-23,158427.58411884308
2023-06-26,158427.58411884308
2023-06-27,158403.65589618683
2023-06-28,159448.6797914505
2023-06-29,158875.38871479034
2023-06-30,159290.99958515167
2023-07-03,159235.60294818878
2023-07-05,160280.6227388382
2023-07-06,159390.09800434113
2023-07-07,159011.62853717804
2023-07-10,158208.27881336212
2023-07-11,157722.65757083893
2023-07-12,159287.19969272614
2023-07-13,162380.47412586212
2023-07-14,163506.1811952591
2023-07-17,163147.94045352936
2023-07-18,162687.78002643585
2023-07-19,163202.296998024
2023-07-20,162720.41991519928
2023-07-21,163723.08392429352
2023-07-24,164423.7757730484
2023-07-25,164423.7757730484
2023-07-26,164423.7757730484
2023-07-27,164423.7757730484
2023-07-28,164548.2912759781
2023-07-31,164264.2769021988
2023-08-01,164209.0756998062
2023-08-02,164325.67080783844
2023-08-03,163249.4135904312
2023-08-04,162513.04496860504
2023-08-07,166472.83848285675
2023-08-08,164778.71459674835
2023-08-09,165312.00544452667
2023-08-10,165870.01870822906
2023-08-11,165398.57470798492
2023-08-14,168575.04329013824
2023-08-15,165061.53533267975
2023-08-16,162601.00105381012
2023-08-17,159709.4720506668
2023-08-18,159715.81277942657
2023-08-21,162133.48729801178
2023-08-22,161324.63259220123
2023-08-23,165579.67944812775
2023-08-24,163380.1594400406
2023-08-25,166045.6246919632
2023-08-28,166858.5344400406
2023-08-29,169423.74920368195
2023-08-30,170332.34227848053
2023-08-31,169281.52557086945
2023-09-01,169983.36761951447
2023-09-05,168760.83166599274
2023-09-06,169028.90535259247
2023-09-07,170598.8210515976
2023-09-08,171502.28213977814
2023-09-11,172755.96301746368
2023-09-12,171807.7308397293
2023-09-13,170888.4773797989
2023-09-14,174585.43533039093
2023-09-15,172672.49162387848
2023-09-18,174155.60048389435
2023-09-19,173394.8166513443
2023-09-20,174366.96797275543
2023-09-21,172995.53434085846
2023-09-22,173193.75349140167
2023-09-25,173224.996632576
2023-09-26,169787.48142528534
2023-09-27,170144.9140806198
2023-09-28,172616.4999704361
2023-09-29,171011.78460788727
2023-10-02,169810.14468860626
2023-10-03,166168.2108926773
2023-10-04,171484.6542596817
2023-10-05,164681.2153673172
2023-10-06,166504.02007198334
2023-10-09,167941.07176876068
2023-10-10,170685.57987689972
2023-10-11,169497.74769687653
2023-10-12,166457.59726810455
2023-10-13,166873.82069683075
2023-10-16,168795.5675535202
2023-10-17,169891.6861600876
2023-10-18,167840.23500728607
2023-10-19,166908.18720149994
2023-10-20,165376.96673488617
2023-10-23,164911.17197704315
2023-10-24,168725.7290906906
2023-10-25,162012.62081050873
2023-10-26,159873.4607591629
2023-10-27,160323.38374233246
2023-10-30,161669.74046993256
2023-10-31,163921.2812719345
2023-11-01,165807.13519573212
2023-11-02,169911.55635356903
2023-11-03,174553.5459280014
2023-11-06,173835.6196088791
2023-11-07,174824.1530790329
2023-11-08,174606.28544139862
2023-11-09,174394.78544139862
2023-11-10,175272.76087474823
2023-11-13,174932.18873119354
2023-11-14,174859.94459056854
2023-11-15,174970.02912425995
2023-11-16,174385.3801984787
2023-11-17,175185.31525707245
2023-11-20,175780.2855939865
2023-11-21,175197.78620433807
2023-11-22,175446.03815746307
2023-11-24,175323.796336174
2023-11-27,175141.395945549
2023-11-28,174939.796336174
2023-11-29,174939.796336174
2023-11-30,174939.796336174
2023-12-01,174939.796336174
2023-12-04,174939.796336174
2023-12-05,174939.796336174
2023-12-06,174965.55692577362
2023-12-07,174965.55692577362
2023-12-08,174433.73659038544
2023-12-11,176016.82818126678
2023-12-12,176631.1586713791
2023-12-13,177503.5587720871
2023-12-14,175682.03274822235
2023-12-15,175379.35196208954
2023-12-18,174908.97247600555
2023-12-19,175648.3285703659
2023-12-20,175298.93648052216
2023-12-21,176021.5460691452
2023-12-22,176511.31709575653
2023-12-26,176921.2896604538
2023-12-27,177104.15843486786
2023-12-28,177601.91264629364
2023-12-29,177717.47819805145
2024-01-02,177717.47819805145
2024-01-03,177550.77949810028
2024-01-04,177672.01771831512
2024-01-05,177385.36601543427
2024-01-08,178278.08760356903
2024-01-09,178047.13817119598
2024-01-10,178119.74327373505
2024-01-11,178049.97886943817
2024-01-12,177943.83587360382
2024-01-16,178013.4152727127
2024-01-17,177622.72015476227
2024-01-18,178103.97257900238
2024-01-19,179247.05109119415
2024-01-22,179492.36989879608
2024-01-23,179615.84553050995
2024-01-24,179024.1749048233
2024-01-25,181496.40799045563
2024-01-26,183151.46125888824
2024-01-29,183964.7434873581
2024-01-30,183768.8203306198
2024-01-31,182245.4181585312
2024-02-01,183690.8532037735
2024-02-02,182082.71778774261
2024-02-05,180526.29423046112
2024-02-06,183014.9763288498
2024-02-07,183558.8010931015
2024-02-08,184646.6569700241
2024-02-09,185162.90486621857
2024-02-12,185113.1206407547
2024-02-13,183318.10049533844
2024-02-14,184816.78869724274
2024-02-15,186271.8272714615
2024-02-16,185771.21362400055
2024-02-20,186160.73599338531
2024-02-21,187123.54414463043
2024-02-22,187479.27169895172
2024-02-23,186938.4769296646
2024-02-26,185705.96764659882
2024-02-27,185950.4322938919
2024-02-28,186184.56555080414
2024-02-29,186732.95736026764
2024-03-01,185305.44178199768
2024-03-04,182824.50630283356
2024-03-05,182332.4979314804
2024-03-06,183121.4864578247
2024-03-07,185074.2873325348
2024-03-08,184937.78567504883
2024-03-11,187787.44438934326
2024-03-12,188873.89139556885
2024-03-13,188562.28578186035
2024-03-14,188299.0952987671
2024-03-15,186892.94270324707
2024-03-18,188469.87030029297
2024-03-19,188023.2908935547
2024-03-20,188515.92333984375
2024-03-21,188758.2615966797
2024-03-22,188671.98596191406
2024-03-25,188585.41552734375
2024-03-26,188500.6102294922
2024-03-27,189737.0532836914
2024-03-28,190049.1462020874
2024-04-01,189352.88778686523
2024-04-02,188224.865524292
2024-04-03,186784.55070877075
2024-04-04,184437.13455963135
2024-04-05,184854.72763061523
2024-04-08,183886.00625610352
2024-04-09,183886.76136779785
2024-04-10,177666.66332626343
2024-04-11,179243.33744812012
2024-04-12,175000.2452735901
2024-04-15,172252.16227340698
2024-04-16,171524.65824508667
2024-04-17,170598.0072069168
2024-04-18,170871.18110847473
2024-04-19,172483.3203458786
2024-04-22,174927.19547271729
2024-04-23,176422.1519317627
2024-04-24,177053.27690696716
2024-04-25,176903.1271457672
2024-04-26,177078.59392356873
2024-04-29,177476.5710659027
2024-04-30,174132.1236667633
2024-05-01,172330.70083284378
2024-05-02,175154.00532388687
2024-05-03,175995.7850599289
2024-05-06,176661.65954256058
2024-05-07,177495.18697929382
2024-05-08,177794.79627656937
2024-05-09,179480.38663339615
2024-05-10,180149.9838862419
2024-05-13,180185.81379175186
2024-05-14,180175.97161340714
2024-05-15,180088.80240869522
2024-05-16,180016.35911035538
2024-05-17,180016.35911035538
2024-05-20,180016.35911035538
2024-05-21,180016.35911035538
2024-05-22,180016.35911035538
2024-05-23,180016.35911035538
2024-05-24,180137.66997766495
2024-05-28,178670.30918359756
2024-05-29,178480.0111603737
2024-05-30,179179.34954690933
2024-05-31,181861.43933343887
2024-06-03,180497.2836174965
2024-06-04,182349.52264642715
2024-06-05,182359.55987024307
2024-06-06,182635.66476678848
2024-06-07,182031.45788431168
2024-06-10,180222.51877832413
2024-06-11,179465.41912317276
2024-06-12,180767.17960596085
2024-06-13,180363.61365747452
2024-06-14,179834.48801279068
2024-06-17,180379.3474793434
2024-06-18,179556.47244882584
2024-06-20,181050.18571329117
2024-06-21,182753.4145474434
2024-06-24,182808.87916612625
2024-06-25,182917.10689401627
2024-06-26,183192.1466164589
2024-06-27,183822.64853715897
2024-06-28,184135.62025499344
2024-07-01,183032.2653813362
2024-07-02,183136.97128725052
2024-07-03,183525.33122110367
2024-07-05,182476.02490854263
2024-07-08,181222.01529932022
2024-07-09,180041.89218187332
2024-07-10,180509.63063097
2024-07-11,182487.99020051956
2024-07-12,184175.71863222122
2024-07-15,185609.5470509529
2024-07-16,186305.7050423622
2024-07-17,186305.7050423622
2024-07-18,186305.7050423622
2024-07-19,186305.7050423622
2024-07-22,186305.7050423622
2024-07-23,186305.7050423622
2024-07-24,186305.7050423622
2024-07-25,183460.55375528336
2024-07-26,186107.82374811172
2024-07-29,187192.60898828506
2024-07-30,184522.04388666153
2024-07-31,187838.78367090225
2024-08-01,183861.37225580215
2024-08-02,175516.38054132462
2024-08-05,169241.29809999466
2024-08-06,171068.7209687233
2024-08-07,168361.31055688858
2024-08-08,174570.56454706192
2024-08-09,175119.51616334915
2024-08-12,174255.31464338303
2024-08-13,178029.95594453812
2024-08-14,177699.5572142601
2024-08-15,184977.05036878586
2024-08-16,185173.7322497368
2024-08-19,187092.8173995018
2024-08-20,187361.67894601822
2024-08-21,187444.4045548439
2024-08-22,187014.76526212692
2024-08-23,187014.76526212692
2024-08-26,187014.76526212692
2024-08-27,187014.76526212692
2024-08-28,187014.76526212692
2024-08-29,187014.76526212692
2024-08-30,187014.76526212692
2024-09-03,187014.76526212692
2024-09-04,186630.34569120407
2024-09-05,186985.48575162888
2024-09-06,184110.73561429977
2024-09-09,184515.4053759575
2024-09-10,185433.72835111618
2024-09-11,187307.93714475632
2024-09-12,188386.86889219284
2024-09-13,190463.96741819382
2024-09-16,189662.8939394951
2024-09-17,189608.7002902031
2024-09-18,189610.073199749
2024-09-19,192224.31144285202
2024-09-20,192139.01420164108
2024-09-23,192081.63662290573
2024-09-24,192208.32363462448
2024-09-25,192172.75966978073
2024-09-26,193343.48464536667
2024-09-27,193973.57662534714
2024-09-30,193653.24550962448
2024-10-01,193177.55288267136
2024-10-02,192827.7011370659
2024-10-03,191736.8969988823
2024-10-04,191856.31084775925
2024-10-07,189660.08089017868
2024-10-08,190526.17859601974
2024-10-09,191677.2997698784
2024-10-10,191984.89623975754
2024-10-11,193881.3930811882
2024-10-14,194165.98913145065
2024-10-15,196540.32393598557
2024-10-16,197696.39285612106
2024-10-17,197406.63785886765
2024-10-18,199665.0059313774
2024-10-21,198331.24308729172
2024-10-22,198430.01314496994
2024-10-23,199991.67395734787
2024-10-24,200682.6500430107
2024-10-25,200543.49900007248
2024-10-28,199295.5256075859
2024-10-29,200451.7273478508
2024-10-30,200129.05218839645
2024-10-31,192734.30110883713
2024-11-01,195749.69173002243
2024-11-04,194430.52293729782
2024-11-05,195966.87059736252
2024-11-06,198275.7528910637
2024-11-07,199660.3085513115
2024-11-08,198493.0466837883
2024-11-11,194669.80777311325
2024-11-12,192472.64409971237
2024-11-13,191583.7092833519
2024-11-14,190307.47395086288
2024-11-15,187627.563893795
2024-11-18,187723.27537298203
2024-11-19,187667.13807439804
2024-11-20,189262.58954381943
2024-11-21,190279.59498739243
2024-11-22,190919.18217611313
2024-11-25,193427.07488393784
2024-11-26,191964.5106291771
2024-11-27,191587.26100301743
2024-11-29,191985.02002859116
2024-12-02,191912.81846761703
2024-12-03,191579.93809652328
2024-12-04,191475.03830099106
2024-12-05,190612.39923238754
2024-12-06,190650.31568288803
2024-12-09,190158.71647787094
2024-12-10,190494.73344945908
2024-12-11,191198.11472082138
2024-12-12,191514.8291106224
2024-12-13,189899.26448202133
2024-12-16,187933.47400426865
2024-12-17,185775.67235708237
2024-12-18,180859.74685049057
2024-12-19,180050.65469503403
2024-12-20,183364.7239165306
2024-12-23,183256.50761175156
2024-12-24,187050.5004515648
2024-12-26,187036.73491430283
2024-12-27,185232.9599852562
2024-12-30,180799.12673711777
