bank,date
ECB,1999-03-04
ECB,1999-03-18
ECB,1999-04-08
ECB,1999-04-22
ECB,1999-05-06
ECB,1999-05-20
ECB,1999-06-02
ECB,1999-06-17
ECB,1999-07-01
ECB,1999-07-15
ECB,1999-07-29
ECB,1999-08-26
ECB,1999-09-09
ECB,1999-09-23
ECB,1999-10-07
ECB,1999-10-21
ECB,1999-11-04
ECB,1999-11-18
ECB,1999-12-02
ECB,1999-12-15
ECB,2000-01-05
ECB,2000-01-20
ECB,2000-02-03
ECB,2000-02-17
ECB,2000-03-02
ECB,2000-03-16
ECB,2000-03-30
ECB,2000-04-13
ECB,2000-04-27
ECB,2000-05-11
ECB,2000-05-25
ECB,2000-06-08
ECB,2000-06-21
ECB,2000-07-06
ECB,2000-07-20
ECB,2000-08-03
ECB,2000-08-31
ECB,2000-09-14
ECB,2000-10-05
ECB,2000-10-19
ECB,2000-11-02
ECB,2000-11-16
ECB,2000-11-30
ECB,2001-01-04
ECB,2001-01-18
ECB,2001-02-01
ECB,2001-02-15
ECB,2001-03-01
ECB,2001-03-15
ECB,2001-03-29
ECB,2001-04-11
ECB,2001-04-26
ECB,2001-05-10
ECB,2001-05-23
ECB,2001-06-07
ECB,2001-06-21
ECB,2001-07-05
ECB,2001-07-19
ECB,2001-08-02
ECB,2001-08-30
ECB,2001-09-13
ECB,2001-09-17
ECB,2001-10-11
ECB,2001-10-25
ECB,2001-11-08
ECB,2001-12-06
ECB,2002-01-03
ECB,2002-02-07
ECB,2002-03-07
ECB,2002-04-04
ECB,2002-05-02
ECB,2002-06-06
ECB,2002-07-04
ECB,2002-08-01
ECB,2002-09-12
ECB,2002-10-10
ECB,2002-11-07
ECB,2002-12-05
ECB,2003-01-09
ECB,2003-02-06
ECB,2003-03-06
ECB,2003-04-03
ECB,2003-05-08
ECB,2003-06-05
ECB,2003-07-10
ECB,2003-07-31
ECB,2003-09-04
ECB,2003-10-02
ECB,2003-11-06
ECB,2003-12-04
ECB,2004-01-08
ECB,2004-02-05
ECB,2004-03-04
ECB,2004-04-01
ECB,2004-05-06
ECB,2004-06-03
ECB,2004-07-01
ECB,2004-08-05
ECB,2004-09-02
ECB,2004-10-07
ECB,2004-11-04
ECB,2004-12-02
ECB,2005-01-13
ECB,2005-02-03
ECB,2005-03-03
ECB,2005-04-07
ECB,2005-05-04
ECB,2005-06-02
ECB,2005-07-07
ECB,2005-08-04
ECB,2005-09-01
ECB,2005-10-06
ECB,2005-11-03
ECB,2005-12-01
ECB,2006-01-12
ECB,2006-02-02
ECB,2006-03-02
ECB,2006-04-06
ECB,2006-05-04
ECB,2006-06-08
ECB,2006-07-06
ECB,2006-08-03
ECB,2006-08-31
ECB,2006-10-05
ECB,2006-11-02
ECB,2006-12-07
ECB,2007-01-11
ECB,2007-02-08
ECB,2007-03-08
ECB,2007-04-12
ECB,2007-05-10
ECB,2007-06-06
ECB,2007-07-05
ECB,2007-08-02
ECB,2007-09-06
ECB,2007-10-04
ECB,2007-11-08
ECB,2007-12-06
ECB,2008-01-10
ECB,2008-02-07
ECB,2008-03-06
ECB,2008-04-10
ECB,2008-05-08
ECB,2008-06-05
ECB,2008-07-03
ECB,2008-08-07
ECB,2008-09-04
ECB,2008-10-02
ECB,2008-10-08
ECB,2008-11-06
ECB,2008-12-04
ECB,2009-01-15
ECB,2009-02-05
ECB,2009-03-05
ECB,2009-04-02
ECB,2009-05-07
ECB,2009-06-04
ECB,2009-07-02
ECB,2009-08-06
ECB,2009-09-03
ECB,2009-10-08
ECB,2009-11-05
ECB,2009-12-03
ECB,2010-01-14
ECB,2010-02-04
ECB,2010-03-04
ECB,2010-04-08
ECB,2010-05-06
ECB,2010-06-10
ECB,2010-07-08
ECB,2010-08-05
ECB,2010-09-02
ECB,2010-10-07
ECB,2010-11-04
ECB,2010-12-02
ECB,2011-01-13
ECB,2011-02-03
ECB,2011-03-03
ECB,2011-04-07
ECB,2011-05-05
ECB,2011-06-09
ECB,2011-07-07
ECB,2011-08-04
ECB,2011-09-08
ECB,2011-10-06
ECB,2011-11-03
ECB,2011-12-08
ECB,2012-01-12
ECB,2012-02-09
ECB,2012-03-08
ECB,2012-04-04
ECB,2012-05-03
ECB,2012-06-06
ECB,2012-07-05
ECB,2012-08-02
ECB,2012-09-06
ECB,2012-10-04
ECB,2012-11-08
ECB,2012-12-06
ECB,2013-01-10
ECB,2013-02-07
ECB,2013-03-07
ECB,2013-04-04
ECB,2013-05-02
ECB,2013-06-06
ECB,2013-07-04
ECB,2013-08-01
ECB,2013-09-05
ECB,2013-10-02
ECB,2013-11-07
ECB,2013-12-05
ECB,2014-01-09
ECB,2014-02-06
ECB,2014-03-06
ECB,2014-04-03
ECB,2014-05-08
ECB,2014-06-05
ECB,2014-07-03
ECB,2014-08-07
ECB,2014-09-04
ECB,2014-10-02
ECB,2014-11-06
ECB,2014-12-04
ECB,2015-01-22
ECB,2015-03-05
ECB,2015-04-15
ECB,2015-06-03
ECB,2015-07-16
ECB,2015-09-03
ECB,2015-10-22
ECB,2015-12-03
ECB,2016-01-21
ECB,2016-03-10
ECB,2016-04-21
ECB,2016-06-02
ECB,2016-07-21
ECB,2016-09-08
ECB,2016-10-20
ECB,2016-12-08
ECB,2017-01-19
ECB,2017-03-09
ECB,2017-04-27
ECB,2017-06-08
ECB,2017-07-20
ECB,2017-09-07
ECB,2017-10-26
ECB,2017-12-14
ECB,2018-01-25
ECB,2018-03-08
ECB,2018-04-26
ECB,2018-06-14
ECB,2018-07-26
ECB,2018-09-13
ECB,2018-10-25
ECB,2018-12-13
ECB,2019-01-24
ECB,2019-03-07
ECB,2019-04-10
ECB,2019-06-06
ECB,2019-07-25
ECB,2019-09-12
ECB,2019-10-24
ECB,2019-12-12
ECB,2020-01-23
ECB,2020-03-12
ECB,2020-04-30
ECB,2020-06-04
ECB,2020-07-16
ECB,2020-09-10
ECB,2020-10-29
ECB,2020-12-10
ECB,2021-01-21
ECB,2021-03-11
ECB,2021-04-22
ECB,2021-06-10
ECB,2021-07-22
ECB,2021-09-09
ECB,2021-10-28
ECB,2021-12-16
ECB,2022-02-03
ECB,2022-03-10
ECB,2022-04-14
ECB,2022-06-09
ECB,2022-07-21
ECB,2022-09-08
ECB,2022-10-27
ECB,2022-12-15
ECB,2023-02-02
ECB,2023-03-16
ECB,2023-05-04
ECB,2023-06-15
ECB,2023-07-27
ECB,2023-09-14
ECB,2023-10-26
ECB,2023-12-14
ECB,2024-01-25
ECB,2024-03-07
BOE,1997-06-06
BOE,1997-07-10
BOE,1997-08-07
BOE,1997-09-11
BOE,1997-10-09
BOE,1997-11-06
BOE,1997-12-04
BOE,1998-01-08
BOE,1998-02-05
BOE,1998-03-05
BOE,1998-04-09
BOE,1998-05-07
BOE,1998-06-04
BOE,1998-07-09
BOE,1998-08-06
BOE,1998-09-10
BOE,1998-10-08
BOE,1998-11-05
BOE,1998-12-10
BOE,1999-01-07
BOE,1999-02-04
BOE,1999-03-03
BOE,1999-04-08
BOE,1999-05-06
BOE,1999-06-10
BOE,1999-07-08
BOE,1999-08-05
BOE,1999-09-08
BOE,1999-10-07
BOE,1999-11-04
BOE,1999-12-09
BOE,2000-01-13
BOE,2000-02-10
BOE,2000-03-09
BOE,2000-04-06
BOE,2000-05-04
BOE,2000-06-07
BOE,2000-07-06
BOE,2000-08-03
BOE,2000-09-07
BOE,2000-10-05
BOE,2000-11-09
BOE,2000-12-07
BOE,2001-01-11
BOE,2001-02-08
BOE,2001-03-08
BOE,2001-04-05
BOE,2001-05-10
BOE,2001-06-06
BOE,2001-07-05
BOE,2001-08-02
BOE,2001-09-06
BOE,2001-09-18
BOE,2001-10-04
BOE,2001-11-08
BOE,2001-12-05
BOE,2002-01-10
BOE,2002-02-07
BOE,2002-03-07
BOE,2002-04-04
BOE,2002-05-09
BOE,2002-06-06
BOE,2002-07-04
BOE,2002-08-01
BOE,2002-09-05
BOE,2002-10-10
BOE,2002-11-07
BOE,2002-12-05
BOE,2003-01-09
BOE,2003-02-06
BOE,2003-03-06
BOE,2003-04-10
BOE,2003-05-08
BOE,2003-06-05
BOE,2003-07-10
BOE,2003-08-07
BOE,2003-09-04
BOE,2003-10-09
BOE,2003-11-06
BOE,2003-12-04
BOE,2004-01-08
BOE,2004-02-05
BOE,2004-03-04
BOE,2004-04-08
BOE,2004-05-06
BOE,2004-06-10
BOE,2004-07-08
BOE,2004-08-05
BOE,2004-09-09
BOE,2004-10-07
BOE,2004-11-04
BOE,2004-12-09
BOE,2005-01-13
BOE,2005-02-10
BOE,2005-03-10
BOE,2005-04-07
BOE,2005-05-09
BOE,2005-06-09
BOE,2005-07-07
BOE,2005-08-04
BOE,2005-09-08
BOE,2005-10-06
BOE,2005-11-10
BOE,2005-12-08
BOE,2006-01-12
BOE,2006-02-09
BOE,2006-03-09
BOE,2006-04-06
BOE,2006-05-04
BOE,2006-06-08
BOE,2006-07-06
BOE,2006-08-03
BOE,2006-09-07
BOE,2006-10-05
BOE,2006-11-09
BOE,2006-12-07
BOE,2007-01-11
BOE,2007-02-08
BOE,2007-03-08
BOE,2007-04-05
BOE,2007-05-10
BOE,2007-06-07
BOE,2007-07-05
BOE,2007-08-02
BOE,2007-09-06
BOE,2007-10-04
BOE,2007-11-08
BOE,2007-12-06
BOE,2008-01-10
BOE,2008-02-07
BOE,2008-03-06
BOE,2008-04-10
BOE,2008-05-08
BOE,2008-06-05
BOE,2008-07-10
BOE,2008-08-07
BOE,2008-09-04
BOE,2008-10-08
BOE,2008-11-06
BOE,2008-12-04
BOE,2009-01-08
BOE,2009-02-05
BOE,2009-03-05
BOE,2009-04-09
BOE,2009-05-07
BOE,2009-06-04
BOE,2009-07-09
BOE,2009-08-06
BOE,2009-09-10
BOE,2009-10-08
BOE,2009-11-05
BOE,2009-12-10
BOE,2010-01-07
BOE,2010-02-04
BOE,2010-03-04
BOE,2010-04-08
BOE,2010-05-10
BOE,2010-06-10
BOE,2010-07-08
BOE,2010-08-05
BOE,2010-09-09
BOE,2010-10-07
BOE,2010-11-04
BOE,2010-12-09
BOE,2011-01-13
BOE,2011-02-10
BOE,2011-03-10
BOE,2011-04-07
BOE,2011-05-05
BOE,2011-06-09
BOE,2011-07-07
BOE,2011-08-04
BOE,2011-09-08
BOE,2011-10-06
BOE,2011-11-10
BOE,2011-12-08
BOE,2012-01-12
BOE,2012-02-09
BOE,2012-03-08
BOE,2012-04-05
BOE,2012-05-10
BOE,2012-06-07
BOE,2012-07-05
BOE,2012-08-02
BOE,2012-09-06
BOE,2012-10-04
BOE,2012-11-08
BOE,2012-12-06
BOE,2013-01-10
BOE,2013-02-07
BOE,2013-03-07
BOE,2013-04-04
BOE,2013-05-09
BOE,2013-06-06
BOE,2013-07-04
BOE,2013-08-01
BOE,2013-09-05
BOE,2013-10-09
BOE,2013-11-07
BOE,2013-12-05
BOE,2014-01-09
BOE,2014-02-06
BOE,2014-03-06
BOE,2014-04-09
BOE,2014-05-08
BOE,2014-06-05
BOE,2014-07-10
BOE,2014-08-07
BOE,2014-09-04
BOE,2014-10-08
BOE,2014-11-06
BOE,2014-12-04
BOE,2015-01-08
BOE,2015-02-05
BOE,2015-03-05
BOE,2015-04-09
BOE,2015-05-08
BOE,2015-06-03
BOE,2015-07-08
BOE,2015-08-06
BOE,2015-09-10
BOE,2015-10-08
BOE,2015-11-05
BOE,2015-12-10
BOE,2016-01-14
BOE,2016-02-04
BOE,2016-03-17
BOE,2016-04-14
BOE,2016-05-12
BOE,2016-06-16
BOE,2016-07-14
BOE,2016-08-04
BOE,2016-09-15
BOE,2016-11-03
BOE,2016-12-15
BOE,2017-02-02
BOE,2017-03-16
BOE,2017-05-11
BOE,2017-06-15
BOE,2017-08-03
BOE,2017-09-14
BOE,2017-11-02
BOE,2017-12-14
BOE,2018-02-08
BOE,2018-03-22
BOE,2018-05-10
BOE,2018-06-21
BOE,2018-08-02
BOE,2018-09-13
BOE,2018-11-01
BOE,2018-12-20
BOE,2019-02-07
BOE,2019-03-21
BOE,2019-05-02
BOE,2019-06-20
BOE,2019-08-01
BOE,2019-09-19
BOE,2019-11-07
BOE,2019-12-19
BOE,2020-01-30
BOE,2020-03-11
BOE,2020-03-19
BOE,2020-03-26
BOE,2020-05-07
BOE,2020-06-18
BOE,2020-08-06
BOE,2020-09-17
BOE,2020-11-05
BOE,2020-12-17
BOE,2021-02-04
BOE,2021-03-18
BOE,2021-05-06
BOE,2021-06-24
BOE,2021-08-05
BOE,2021-09-23
BOE,2021-11-04
BOE,2021-12-16
BOE,2022-02-03
BOE,2022-03-17
BOE,2022-05-05
BOE,2022-06-16
BOE,2022-08-04
BOE,2022-09-22
BOE,2022-11-03
BOE,2022-12-15
BOE,2023-02-02
BOE,2023-03-23
BOE,2023-05-11
BOE,2023-06-22
BOE,2023-08-03
BOE,2023-09-21
BOE,2023-11-02
BOE,2023-12-14
BOE,2024-02-01
BOE,2024-03-21
BOJ,1997-01-03
BOJ,1997-02-07
BOJ,1997-03-07
BOJ,1997-04-04
BOJ,1997-05-02
BOJ,1997-06-06
BOJ,1997-07-04
BOJ,1997-08-01
BOJ,1997-09-05
BOJ,1997-10-03
BOJ,1997-11-07
BOJ,1997-12-05
BOJ,1998-01-02
BOJ,1998-02-06
BOJ,1998-03-06
BOJ,1998-04-03
BOJ,1998-05-01
BOJ,1998-06-05
BOJ,1998-07-03
BOJ,1998-08-07
BOJ,1998-09-04
BOJ,1998-09-09
BOJ,1998-10-02
BOJ,1998-11-06
BOJ,1998-12-04
BOJ,1999-01-01
BOJ,1999-02-05
BOJ,1999-02-12
BOJ,1999-02-25
BOJ,1999-03-05
BOJ,1999-04-02
BOJ,1999-05-07
BOJ,1999-06-04
BOJ,1999-07-02
BOJ,1999-08-06
BOJ,1999-09-03
BOJ,1999-10-01
BOJ,1999-11-05
BOJ,1999-12-03
BOJ,2000-01-07
BOJ,2000-02-04
BOJ,2000-03-03
BOJ,2000-04-07
BOJ,2000-05-05
BOJ,2000-06-02
BOJ,2000-07-07
BOJ,2000-08-04
BOJ,2000-08-11
BOJ,2000-09-01
BOJ,2000-10-06
BOJ,2000-11-03
BOJ,2000-12-01
BOJ,2001-01-05
BOJ,2001-02-02
BOJ,2001-02-28
BOJ,2001-03-02
BOJ,2001-04-30
BOJ,2001-05-31
BOJ,2001-06-29
BOJ,2001-07-31
BOJ,2001-08-31
BOJ,2001-09-28
BOJ,2001-10-31
BOJ,2001-11-30
BOJ,2001-12-31
BOJ,2002-01-31
BOJ,2002-02-28
BOJ,2002-03-29
BOJ,2002-04-30
BOJ,2002-05-31
BOJ,2002-06-28
BOJ,2002-07-31
BOJ,2002-08-30
BOJ,2002-09-30
BOJ,2002-10-31
BOJ,2002-11-29
BOJ,2002-12-31
BOJ,2003-01-31
BOJ,2003-02-28
BOJ,2003-03-31
BOJ,2003-04-30
BOJ,2003-05-30
BOJ,2003-06-30
BOJ,2003-07-31
BOJ,2003-08-29
BOJ,2003-09-30
BOJ,2003-10-31
BOJ,2003-11-28
BOJ,2003-12-31
BOJ,2004-01-30
BOJ,2004-02-27
BOJ,2004-03-31
BOJ,2004-04-30
BOJ,2004-05-31
BOJ,2004-06-30
BOJ,2004-07-30
BOJ,2004-08-31
BOJ,2004-09-30
BOJ,2004-10-29
BOJ,2004-11-30
BOJ,2004-12-31
BOJ,2005-01-31
BOJ,2005-02-28
BOJ,2005-03-31
BOJ,2005-04-29
BOJ,2005-05-31
BOJ,2005-06-30
BOJ,2005-07-29
BOJ,2005-08-31
BOJ,2005-09-30
BOJ,2005-10-31
BOJ,2005-11-30
BOJ,2005-12-30
BOJ,2006-01-31
BOJ,2006-02-28
BOJ,2006-03-09
BOJ,2006-04-03
BOJ,2006-05-01
BOJ,2006-06-01
BOJ,2006-07-03
BOJ,2006-07-14
BOJ,2006-08-01
BOJ,2006-09-01
BOJ,2006-10-02
BOJ,2006-11-01
BOJ,2006-12-01
BOJ,2007-01-04
BOJ,2007-02-01
BOJ,2007-02-21
BOJ,2007-03-01
BOJ,2007-04-02
BOJ,2007-05-01
BOJ,2007-06-01
BOJ,2007-07-02
BOJ,2007-08-01
BOJ,2007-09-03
BOJ,2007-10-01
BOJ,2007-11-01
BOJ,2007-12-03
BOJ,2008-01-04
BOJ,2008-02-01
BOJ,2008-03-03
BOJ,2008-04-01
BOJ,2008-05-01
BOJ,2008-06-02
BOJ,2008-07-01
BOJ,2008-08-01
BOJ,2008-09-01
BOJ,2008-10-01
BOJ,2008-10-31
BOJ,2008-11-04
BOJ,2008-12-01
BOJ,2008-12-19
BOJ,2009-01-05
BOJ,2009-02-02
BOJ,2009-03-02
BOJ,2009-04-01
BOJ,2009-05-01
BOJ,2009-06-01
BOJ,2009-07-01
BOJ,2009-08-03
BOJ,2009-09-01
BOJ,2009-10-01
BOJ,2009-11-02
BOJ,2009-12-01
BOJ,2010-01-04
BOJ,2010-02-01
BOJ,2010-03-01
BOJ,2010-04-01
BOJ,2010-05-06
BOJ,2010-06-01
BOJ,2010-07-01
BOJ,2010-08-02
BOJ,2010-09-30
BOJ,2010-10-05
BOJ,2010-11-05
BOJ,2010-12-21
BOJ,2011-01-25
BOJ,2011-02-15
BOJ,2011-03-31
BOJ,2011-04-07
BOJ,2011-04-28
BOJ,2011-05-20
BOJ,2011-06-14
BOJ,2011-07-31
BOJ,2011-08-31
BOJ,2011-09-08
BOJ,2011-10-31
BOJ,2011-11-16
BOJ,2011-12-21
BOJ,2012-01-24
BOJ,2012-02-14
BOJ,2012-03-13
BOJ,2012-04-10
BOJ,2012-05-23
BOJ,2012-06-15
BOJ,2012-07-12
BOJ,2012-08-09
BOJ,2012-09-19
BOJ,2012-10-05
BOJ,2012-10-30
BOJ,2012-11-20
BOJ,2012-12-20
BOJ,2013-01-22
BOJ,2013-02-14
BOJ,2013-03-07
BOJ,2013-04-04
BOJ,2013-04-26
BOJ,2013-05-21
BOJ,2013-05-22
BOJ,2013-06-11
BOJ,2013-07-11
BOJ,2013-08-08
BOJ,2013-09-05
BOJ,2013-10-04
BOJ,2013-10-31
BOJ,2013-11-21
BOJ,2013-12-20
BOJ,2014-01-22
BOJ,2014-01-27
BOJ,2014-02-18
BOJ,2014-02-21
BOJ,2014-03-11
BOJ,2014-03-20
BOJ,2014-04-08
BOJ,2014-04-30
BOJ,2014-05-21
BOJ,2014-06-13
BOJ,2014-07-15
BOJ,2014-08-08
BOJ,2014-09-04
BOJ,2014-10-07
BOJ,2014-10-31
BOJ,2014-11-19
BOJ,2014-12-19
BOJ,2015-01-21
BOJ,2015-01-26
BOJ,2015-02-18
BOJ,2015-02-23
BOJ,2015-03-17
BOJ,2015-04-08
BOJ,2015-04-30
BOJ,2015-05-22
BOJ,2015-06-19
BOJ,2015-07-15
BOJ,2015-08-07
BOJ,2015-09-15
BOJ,2015-10-07
BOJ,2015-10-30
BOJ,2015-11-19
BOJ,2015-12-18
BOJ,2016-01-29
BOJ,2016-02-03
BOJ,2016-03-15
BOJ,2016-04-28
BOJ,2016-06-16
BOJ,2016-07-29
BOJ,2016-09-21
BOJ,2016-11-01
BOJ,2016-12-20
BOJ,2017-01-31
BOJ,2017-03-16
BOJ,2017-04-27
BOJ,2017-06-16
BOJ,2017-07-20
BOJ,2017-09-21
BOJ,2017-10-31
BOJ,2017-12-21
BOJ,2018-01-23
BOJ,2018-03-09
BOJ,2018-04-27
BOJ,2018-06-15
BOJ,2018-07-31
BOJ,2018-09-19
BOJ,2018-10-31
BOJ,2018-12-20
BOJ,2019-01-23
BOJ,2019-03-15
BOJ,2019-04-25
BOJ,2019-06-20
BOJ,2019-07-30
BOJ,2019-09-19
BOJ,2019-10-31
BOJ,2019-12-19
BOJ,2020-01-21
BOJ,2020-03-16
BOJ,2020-04-27
BOJ,2020-05-22
BOJ,2020-06-16
BOJ,2020-07-15
BOJ,2020-09-17
BOJ,2020-10-29
BOJ,2020-12-18
BOJ,2021-01-21
BOJ,2021-03-19
BOJ,2021-04-27
BOJ,2021-06-18
BOJ,2021-07-16
BOJ,2021-09-22
BOJ,2021-10-28
BOJ,2021-12-17
BOJ,2022-01-18
BOJ,2022-03-18
BOJ,2022-04-28
BOJ,2022-06-17
BOJ,2022-07-21
BOJ,2022-09-22
BOJ,2022-10-28
BOJ,2022-12-20
BOJ,2023-01-18
BOJ,2023-03-10
BOJ,2023-04-28
BOJ,2023-06-16
BOJ,2023-07-28
BOJ,2023-09-22
BOJ,2023-10-31
BOJ,2023-12-19
BOJ,2024-01-23
BOJ,2024-03-19
BOC,1999-01-04
BOC,1999-03-31
BOC,1999-05-04
BOC,1999-11-17
BOC,2000-02-03
BOC,2000-03-22
BOC,2000-05-17
BOC,2001-01-23
BOC,2001-03-06
BOC,2001-04-17
BOC,2001-05-29
BOC,2001-07-17
BOC,2001-08-28
BOC,2001-09-17
BOC,2001-10-23
BOC,2001-11-27
BOC,2002-01-15
BOC,2002-04-16
BOC,2002-06-04
BOC,2002-07-16
BOC,2003-03-04
BOC,2003-04-15
BOC,2003-07-15
BOC,2003-09-03
BOC,2004-01-20
BOC,2004-03-02
BOC,2004-04-13
BOC,2004-09-08
BOC,2004-10-19
BOC,2005-09-07
BOC,2005-10-18
BOC,2005-12-06
BOC,2006-01-24
BOC,2006-03-07
BOC,2006-04-25
BOC,2006-05-24
BOC,2007-05-29
BOC,2007-07-10
BOC,2007-09-05
BOC,2007-10-16
BOC,2007-12-04
BOC,2008-01-22
BOC,2008-03-04
BOC,2008-04-22
BOC,2008-06-10
BOC,2008-07-15
BOC,2008-09-03
BOC,2008-10-08
BOC,2008-10-21
BOC,2008-12-09
BOC,2009-01-20
BOC,2009-03-03
BOC,2009-04-21
BOC,2009-06-04
BOC,2009-07-21
BOC,2009-09-10
BOC,2009-10-20
BOC,2009-12-08
BOC,2010-01-19
BOC,2010-03-02
BOC,2010-04-20
BOC,2010-06-01
BOC,2010-07-20
BOC,2010-09-08
BOC,2010-10-19
BOC,2010-12-07
BOC,2011-01-18
BOC,2011-03-01
BOC,2011-04-12
BOC,2011-05-31
BOC,2011-07-19
BOC,2011-09-07
BOC,2011-10-25
BOC,2011-12-06
BOC,2012-01-17
BOC,2012-03-08
BOC,2012-04-17
BOC,2012-06-05
BOC,2012-07-17
BOC,2012-09-05
BOC,2012-10-23
BOC,2012-12-04
BOC,2013-01-23
BOC,2013-03-06
BOC,2013-04-17
BOC,2013-05-29
BOC,2013-07-17
BOC,2013-09-04
BOC,2013-10-23
BOC,2013-12-04
BOC,2014-01-22
BOC,2014-03-05
BOC,2014-04-16
BOC,2014-06-04
BOC,2014-07-16
BOC,2014-09-03
BOC,2014-10-22
BOC,2014-12-03
BOC,2015-01-21
BOC,2015-03-04
BOC,2015-04-15
BOC,2015-05-27
BOC,2015-07-15
BOC,2015-09-09
BOC,2015-10-21
BOC,2015-12-02
BOC,2016-01-20
BOC,2016-03-09
BOC,2016-04-13
BOC,2016-05-25
BOC,2016-07-13
BOC,2016-09-07
BOC,2016-10-19
BOC,2016-12-07
BOC,2017-01-18
BOC,2017-03-01
BOC,2017-04-12
BOC,2017-05-24
BOC,2017-07-12
BOC,2017-09-06
BOC,2017-10-25
BOC,2017-12-06
BOC,2018-01-17
BOC,2018-03-07
BOC,2018-04-18
BOC,2018-05-30
BOC,2018-07-11
BOC,2018-09-05
BOC,2018-10-24
BOC,2018-12-05
BOC,2019-01-09
BOC,2019-03-06
BOC,2019-04-24
BOC,2019-05-29
BOC,2019-07-10
BOC,2019-09-04
BOC,2019-10-30
BOC,2019-12-04
BOC,2020-01-22
BOC,2020-03-04
BOC,2020-03-13
BOC,2020-03-27
BOC,2020-04-15
BOC,2020-06-03
BOC,2020-07-15
BOC,2020-09-09
BOC,2020-10-28
BOC,2020-12-09
BOC,2021-01-20
BOC,2021-03-10
BOC,2021-04-21
BOC,2021-06-09
BOC,2021-07-14
BOC,2021-09-08
BOC,2021-10-27
BOC,2021-12-08
BOC,2022-01-26
BOC,2022-03-02
BOC,2022-04-13
BOC,2022-06-01
BOC,2022-07-13
BOC,2022-09-07
BOC,2022-10-26
BOC,2022-12-07
BOC,2023-01-25
BOC,2023-03-08
BOC,2023-04-12
BOC,2023-06-07
BOC,2023-07-12
BOC,2023-09-06
BOC,2023-10-25
BOC,2023-12-06
BOC,2024-01-24
BOC,2024-03-06
BOC,2024-04-10
SNB,2000-01-20
SNB,2000-02-03
SNB,2000-03-23
SNB,2000-06-15
SNB,2000-09-14
SNB,2000-12-08
SNB,2001-03-22
SNB,2001-06-14
SNB,2001-09-17
SNB,2001-09-24
SNB,2001-12-07
SNB,2002-03-21
SNB,2002-05-02
SNB,2002-06-04
SNB,2002-06-26
SNB,2002-09-19
SNB,2002-12-13
SNB,2003-03-20
SNB,2003-06-13
SNB,2003-09-18
SNB,2003-12-12
SNB,2004-03-18
SNB,2004-06-17
SNB,2004-09-16
SNB,2004-12-16
SNB,2005-03-17
SNB,2005-06-16
SNB,2005-09-15
SNB,2005-12-15
SNB,2006-03-16
SNB,2006-06-15
SNB,2006-09-14
SNB,2006-12-14
SNB,2007-03-15
SNB,2007-06-14
SNB,2007-09-13
SNB,2007-12-13
SNB,2008-03-13
SNB,2008-06-19
SNB,2008-09-18
SNB,2008-10-08
SNB,2008-11-06
SNB,2008-11-20
SNB,2008-12-11
SNB,2009-03-12
SNB,2009-06-18
SNB,2009-09-17
SNB,2009-12-10
SNB,2010-03-11
SNB,2010-06-17
SNB,2010-09-16
SNB,2010-12-16
SNB,2011-03-17
SNB,2011-06-16
SNB,2011-08-03
SNB,2011-08-10
SNB,2011-08-17
SNB,2011-09-15
SNB,2011-12-15
SNB,2012-03-15
SNB,2012-06-14
SNB,2012-09-13
SNB,2012-12-13
SNB,2013-03-14
SNB,2013-06-20
SNB,2013-09-19
SNB,2013-12-12
SNB,2014-03-20
SNB,2014-06-19
SNB,2014-09-18
SNB,2014-12-11
SNB,2015-01-15
SNB,2015-03-19
SNB,2015-06-18
SNB,2015-09-17
SNB,2015-12-10
SNB,2016-03-17
SNB,2016-06-16
SNB,2016-09-15
SNB,2016-12-15
SNB,2017-03-16
SNB,2017-06-15
SNB,2017-09-14
SNB,2017-12-14
SNB,2018-03-15
SNB,2018-06-21
SNB,2018-09-20
SNB,2018-12-13
SNB,2019-03-21
SNB,2019-06-13
SNB,2019-09-19
SNB,2019-12-19
SNB,2020-03-19
SNB,2020-06-18
SNB,2020-09-24
SNB,2020-12-17
SNB,2021-03-25
SNB,2021-06-17
SNB,2021-09-23
SNB,2021-12-16
SNB,2022-03-24
SNB,2022-06-16
SNB,2022-09-22
SNB,2022-12-15
SNB,2023-03-23
SNB,2023-06-22
SNB,2023-09-21
SNB,2023-12-14
SNB,2024-03-21
RBA,2000-02-02
RBA,2000-04-05
RBA,2000-05-03
RBA,2000-08-02
RBA,2001-02-07
RBA,2001-03-07
RBA,2001-04-04
RBA,2001-09-05
RBA,2001-10-03
RBA,2001-12-05
RBA,2002-05-08
RBA,2002-06-05
RBA,2003-11-05
RBA,2003-12-03
RBA,2005-03-02
RBA,2006-05-03
RBA,2006-08-02
RBA,2006-11-08
RBA,2007-08-08
RBA,2007-11-07
RBA,2007-12-05
RBA,2008-02-05
RBA,2008-03-04
RBA,2008-04-01
RBA,2008-05-06
RBA,2008-06-03
RBA,2008-07-01
RBA,2008-08-05
RBA,2008-09-02
RBA,2008-10-07
RBA,2008-11-04
RBA,2008-12-02
RBA,2009-02-03
RBA,2009-03-03
RBA,2009-04-07
RBA,2009-05-05
RBA,2009-06-02
RBA,2009-07-07
RBA,2009-08-04
RBA,2009-09-01
RBA,2009-10-06
RBA,2009-11-03
RBA,2009-12-01
RBA,2010-02-02
RBA,2010-03-02
RBA,2010-04-06
RBA,2010-05-04
RBA,2010-06-01
RBA,2010-07-06
RBA,2010-08-03
RBA,2010-09-07
RBA,2010-10-05
RBA,2010-11-02
RBA,2010-12-07
RBA,2011-02-01
RBA,2011-03-01
RBA,2011-04-05
RBA,2011-05-03
RBA,2011-06-07
RBA,2011-07-05
RBA,2011-08-02
RBA,2011-09-06
RBA,2011-10-04
RBA,2011-11-01
RBA,2011-12-06
RBA,2012-02-07
RBA,2012-03-06
RBA,2012-04-03
RBA,2012-05-01
RBA,2012-06-05
RBA,2012-07-03
RBA,2012-08-07
RBA,2012-09-04
RBA,2012-10-02
RBA,2012-11-06
RBA,2012-12-04
RBA,2013-02-05
RBA,2013-03-05
RBA,2013-04-02
RBA,2013-05-07
RBA,2013-06-04
RBA,2013-07-02
RBA,2013-08-06
RBA,2013-09-03
RBA,2013-10-01
RBA,2013-11-05
RBA,2013-12-03
RBA,2014-02-04
RBA,2014-03-04
RBA,2014-04-01
RBA,2014-05-06
RBA,2014-06-03
RBA,2014-07-01
RBA,2014-08-05
RBA,2014-09-02
RBA,2014-10-07
RBA,2014-11-04
RBA,2014-12-02
RBA,2015-02-03
RBA,2015-03-03
RBA,2015-04-07
RBA,2015-05-05
RBA,2015-06-02
RBA,2015-07-07
RBA,2015-08-04
RBA,2015-09-01
RBA,2015-10-06
RBA,2015-11-03
RBA,2015-12-01
RBA,2016-02-02
RBA,2016-03-01
RBA,2016-04-05
RBA,2016-05-03
RBA,2016-06-07
RBA,2016-07-05
RBA,2016-08-02
RBA,2016-09-06
RBA,2016-10-04
RBA,2016-11-01
RBA,2016-12-06
RBA,2017-02-07
RBA,2017-03-07
RBA,2017-04-04
RBA,2017-05-02
RBA,2017-06-06
RBA,2017-07-04
RBA,2017-08-01
RBA,2017-09-05
RBA,2017-10-03
RBA,2017-11-07
RBA,2017-12-05
RBA,2018-02-06
RBA,2018-03-06
RBA,2018-04-03
RBA,2018-05-01
RBA,2018-06-05
RBA,2018-07-03
RBA,2018-08-07
RBA,2018-09-04
RBA,2018-10-02
RBA,2018-11-06
RBA,2018-12-04
RBA,2019-02-05
RBA,2019-03-05
RBA,2019-04-02
RBA,2019-05-07
RBA,2019-06-04
RBA,2019-07-02
RBA,2019-08-06
RBA,2019-09-03
RBA,2019-10-01
RBA,2019-11-05
RBA,2019-12-03
RBA,2020-02-04
RBA,2020-03-03
RBA,2020-03-19
RBA,2020-04-07
RBA,2020-05-05
RBA,2020-06-02
RBA,2020-07-07
RBA,2020-08-04
RBA,2020-09-01
RBA,2020-10-06
RBA,2020-11-03
RBA,2020-12-01
RBA,2021-02-02
RBA,2021-03-02
RBA,2021-04-06
RBA,2021-05-04
RBA,2021-06-01
RBA,2021-07-06
RBA,2021-08-03
RBA,2021-09-07
RBA,2021-10-05
RBA,2021-11-02
RBA,2021-12-07
RBA,2022-02-01
RBA,2022-03-01
RBA,2022-04-05
RBA,2022-05-03
RBA,2022-06-07
RBA,2022-07-05
RBA,2022-08-02
RBA,2022-09-06
RBA,2022-10-04
RBA,2022-11-01
RBA,2022-12-06
RBA,2023-02-07
RBA,2023-03-07
RBA,2023-04-04
RBA,2023-05-02
RBA,2023-06-06
RBA,2023-07-04
RBA,2023-08-01
RBA,2023-09-05
RBA,2023-10-03
RBA,2023-11-07
RBA,2023-12-05
RBA,2024-02-06
RBA,2024-03-19
