label,n_trades,win_rate,avg_r,total_r,n_is,avg_r_is,n_oos,avg_r_oos,group
EURUSD,204,0.38235294117647056,0.2960468120769387,60.393549663695495,85,0.1549631422282606,119,0.3968208619688517,fx_major
GBPUSD,213,0.27230046948356806,-0.11060531953240842,-23.558933060402993,83,-0.32725984339478953,130,0.027720261087419536,fx_major
USDJPY,141,0.3333333333333333,0.24799541003042339,34.9673528142897,59,0.6391350073721782,82,-0.03343430025205875,fx_major
USDCHF,168,0.2916666666666667,0.0007520110339357188,0.12633785370120076,68,0.01021101275468135,100,-0.0056801101361713055,fx_major
AUDUSD,124,0.33064516129032256,0.052238544420598984,6.477579508154274,56,0.22827798560119567,68,-0.0927351130222453,fx_major
USDCAD,177,0.2542372881355932,-0.07636663374123435,-13.51689417219848,72,-0.21653685608804563,105,0.019750090153721953,fx_major
GOLD,313,0.329073482428115,0.01910300210790317,5.979239659773692,135,-0.00954932285170971,178,0.040833698004238805,other
SP500,304,0.24342105263157895,-0.02683962288897883,-8.159245358249564,126,-0.07567423166975377,178,0.007728695686176451,other
BTC,379,0.29815303430079154,-0.07842252022190585,-29.72213516410232,180,-0.07464613308690055,199,-0.08183834778120715,other
