time,leg,risk_dollars,pnl,equity
2026-08-03 14:05:00,orb_nasdaq,41.66666666666667,30.487766468622162,100030.48776646862
2026-08-03 23:59:59,ou_modell,12503.810970808578,3.5339407072239055,100034.02170717584
2026-08-04 13:15:00,ctnl_reversal,18.75637907009547,-20.37951583139002,100013.64219134445
2026-08-04 13:30:00,ctnl_reversal,18.752557910877083,-20.07760515794499,99993.5645861865
2026-08-04 13:30:00,ctnl_reversal,18.74879335990997,-22.352522551136257,99971.21206363536
2026-08-04 15:05:00,orb_nasdaq,41.654671693181406,113.63521323605855,100084.84727687143
2026-08-04 17:00:00,ctnl_reversal,18.765908864413394,-22.252993788586437,100062.59428308284
2026-08-04 23:59:59,ou_modell,12507.824285385355,237.54560092185216,100300.13988400469
2026-08-05 02:30:00,ctnl_reversal,18.80627622825088,-26.78871593373086,100273.35116807096
2026-08-05 02:30:00,ctnl_reversal,18.801253344013308,-25.555286112305055,100247.79588195866
2026-08-05 02:30:00,ctnl_reversal,18.79646172786725,-25.909982975665315,100221.885898983
2026-08-05 11:10:00,cls_practical,187.91603606059311,-193.72193688974497,100028.16396209325
2026-08-05 23:59:59,ou_modell,12503.520495261657,2.8513319324775246,100031.01529402574
2026-08-06 11:25:00,cls_practical,187.55815367629825,-208.50942798660864,99822.50586603914
2026-08-06 14:15:00,orb_nasdaq,41.59271077751631,113.59222042875928,99936.0980864679
2026-08-06 23:59:59,ou_modell,12492.012260808488,-160.65355638836488,99775.44453007953
2026-08-07 13:50:00,orb_nasdaq,41.57310188753314,-42.49638559933181,99732.94814448021
2026-08-07 23:59:59,ou_modell,12466.618518060026,294.8436077592386,100027.79175223944
2026-08-10 14:20:00,orb_nasdaq,41.678246563433106,30.045705805976652,100057.83745804543
2026-08-10 20:00:00,gold_silver,1000.5783745804542,2153.3439272354753,102211.1813852809
2026-08-10 23:59:59,ou_modell,12776.397673160112,-161.08678705056064,102050.09459823034
2026-08-11 13:55:00,orb_nasdaq,42.520872749262644,-43.714666742172426,102006.37993148816
2026-08-11 23:59:59,ou_modell,12750.79749143602,-69.27251633623648,101937.10741515193
2026-08-12 12:55:00,ctnl_continuation,63.71069213446996,11.744140902583018,101948.8515560545
2026-08-12 23:59:59,ou_modell,12743.606444506813,84.68539482645555,102033.53695088097
2026-08-13 00:00:00,btc_ema_cross,1020.3353695088097,-528.9777856198617,101504.5591652611
2026-08-13 06:00:00,ctnl_continuation,63.44034947828819,-95.70432943977315,101408.85483582133
2026-08-13 13:55:00,orb_nasdaq,42.253689514925554,114.92399856496593,101523.77883438629
2026-08-13 23:59:59,ou_modell,12690.472354298287,-24.382431600555652,101499.39640278574
2026-08-14 13:50:00,orb_nasdaq,42.291415167827395,-44.098220422184674,101455.29818236356
2026-08-14 23:59:59,ou_modell,12681.912272795445,33.42788387603701,101488.7260662396
2026-08-17 08:40:00,cls_practical,190.29136137419925,-367.12057437987363,101121.60549185972
2026-08-17 13:50:00,orb_us30,42.134002288274885,-44.347071122245694,101077.25842073747
2026-08-17 14:00:00,trend_pullback,631.7328651296093,1368.596478688238,102445.85489942571
2026-08-17 14:10:00,orb_nasdaq,42.685772874760715,-44.20358373756167,102401.65131568816
2026-08-17 14:15:00,gold_asb,1024.0165131568815,-1038.4038192777944,101363.24749641036
2026-08-17 23:59:59,ou_modell,12670.405937051295,-86.5118822350972,101276.73561417527
2026-08-18 13:50:00,orb_us30,42.198639839239696,-44.06684310987327,101232.6687710654
2026-08-18 14:00:00,orb_nasdaq,42.18027865461058,-43.34861620147245,101189.32015486392
2026-08-18 23:59:59,ou_modell,12648.66501935799,13.70928686758455,101203.0294417315
2026-08-19 10:10:00,cls_practical,189.75568020324656,1028.3258310586798,102231.35527279018
2026-08-19 15:20:00,orb_us30,42.59639803032925,40.96383332871424,102272.3191061189
2026-08-19 23:59:59,ou_modell,12784.039888264862,-33.43800884361556,102238.88109727528
2026-08-20 13:55:00,orb_nasdaq,42.59953379053137,-43.490131485050675,102195.39096579023
2026-08-20 13:55:00,orb_us30,42.581412902412595,-44.10901514587795,102151.28195064435
2026-08-20 23:59:59,ou_modell,12768.910243830544,-18.369829726661056,102132.91212091768
2026-08-21 13:50:00,orb_us30,42.55538005038237,-44.60189557761255,102088.31022534007
2026-08-21 13:50:00,orb_nasdaq,42.536795927225036,-43.72519543668416,102044.58502990339
2026-08-21 23:59:59,ou_modell,12755.573128737924,-49.97930575205465,101994.60572415133
2026-08-24 13:50:00,orb_nasdaq,42.49775238506306,-43.400974644130905,101951.2047495072
2026-08-24 14:05:00,orb_us30,42.479668645628,40.568403523795254,101991.773153031
2026-08-24 23:59:59,ou_modell,12748.971644128875,-9.942315890741972,101981.83083714025
2026-08-25 13:50:00,orb_nasdaq,42.49242951547511,-43.72288968331517,101938.10794745694
2026-08-25 23:59:59,ou_modell,12742.263493432118,22.814511027187056,101960.92245848413
2026-08-26 12:50:00,cls_practical,191.17672960965774,-343.368247730273,101617.55421075385
2026-08-26 13:50:00,orb_sp500,42.340647587814104,-44.320083384946095,101573.23412736891
2026-08-26 23:59:59,ou_modell,12696.654265921114,9.271671987438161,101582.50579935635
2026-08-27 07:00:00,trend_pullback,634.8906612459773,-682.7239292778453,100899.78187007851
2026-08-27 13:50:00,orb_nasdaq,42.041575779199384,-43.14360161258852,100856.63826846592
2026-08-27 23:59:59,ou_modell,12607.07978355824,-47.66645234291352,100808.97181612301
2026-08-28 13:50:00,orb_nasdaq,42.003738256717924,-43.44348750254222,100765.52832862046
2026-08-28 16:00:00,ctnl_reversal,18.893536561616337,-22.81841246439666,100742.70991615606
2026-08-28 16:00:00,ctnl_reversal,18.88925810927926,-27.399700923892652,100715.31021523217
2026-08-28 16:00:00,ctnl_reversal,18.884120665356033,-22.885170510259954,100692.42504472191
2026-08-28 16:30:00,ctnl_reversal,18.87982969588536,-23.563690002835482,100668.86135471908
2026-08-30 23:30:00,ctnl_reversal,18.875411504009826,-20.424026126462653,100648.43732859261
2026-08-31 02:30:00,ctnl_reversal,18.871581999111115,-22.927709066513444,100625.5096195261
2026-08-31 02:30:00,ctnl_reversal,18.867283053661144,-24.781048840359713,100600.72857068574
2026-08-31 13:50:00,orb_nasdaq,41.916970237785726,-43.19042805680061,100557.53814262894
