,static_equity
2018-01-02,100000.0
2018-01-03,100000.0
2018-01-04,100000.0
2018-01-05,100000.0
2018-01-08,100000.0
2018-01-09,100000.0
2018-01-10,100000.0
2018-01-11,99867.87549591064
2018-01-12,99696.87312316895
2018-01-16,99921.37149810791
2018-01-17,100237.02540588379
2018-01-18,100075.0453491211
2018-01-19,100463.38069915771
2018-01-22,100930.11769104004
2018-01-23,100936.25855255127
2018-01-24,100664.28619766235
2018-01-25,100280.88918304443
2018-01-26,100462.64307022095
2018-01-29,100049.04649353027
2018-01-30,100041.16544342041
2018-01-31,99887.98538208008
2018-02-01,99845.55815124512
2018-02-02,98727.94506072998
2018-02-05,91581.32832336426
2018-02-06,95164.50173568726
2018-02-07,93623.35270881653
2018-02-08,86619.346200943
2018-02-09,88952.05621957779
2018-02-12,90259.06073236465
2018-02-13,90902.77777338028
2018-02-14,92682.03470277786
2018-02-15,94542.23948669434
2018-02-16,94924.70201063156
2018-02-20,94466.31266975403
2018-02-21,94154.12859201431
2018-02-22,94154.93427324295
2018-02-23,95153.65590906143
2018-02-26,95153.65590906143
2018-02-27,95051.7170624733
2018-02-28,95015.07903528214
2018-03-01,95018.2657570839
2018-03-02,95077.2024064064
2018-03-05,95026.23171854019
2018-03-06,95096.31599283218
2018-03-07,95096.31599283218
2018-03-08,95198.2573685646
2018-03-09,95586.85624551773
2018-03-12,95885.36121988297
2018-03-13,95868.83858346939
2018-03-14,95870.97029733658
2018-03-15,95696.02820444107
2018-03-16,95714.23636293411
2018-03-19,95668.57896280289
2018-03-20,95405.6485543251
2018-03-21,96071.9285492897
2018-03-22,94957.62082147598
2018-03-23,93649.23113489151
2018-03-26,96024.77290201187
2018-03-27,95256.09669160843
2018-03-28,95758.62599229813
2018-03-29,97274.78613138199
2018-04-02,95050.29638338089
2018-04-03,95756.57090234756
2018-04-04,96670.80781793594
2018-04-05,95912.72120904922
2018-04-06,95221.07212305069
2018-04-09,95354.08653497696
2018-04-10,95973.36543512344
2018-04-11,96094.4140496254
2018-04-12,96611.50171899796
2018-04-13,96773.57033014297
2018-04-16,97746.39978265762
2018-04-17,98014.64782190323
2018-04-18,98229.2534737587
2018-04-19,97716.99702692032
2018-04-20,96453.30600976944
2018-04-23,95913.14393091202
2018-04-24,95705.76945734024
2018-04-25,95943.85944604874
2018-04-26,96440.1973977089
2018-04-27,96875.86025094986
2018-04-30,96573.18475198746
2018-05-01,97219.27226877213
2018-05-02,96510.77645349503
2018-05-03,96044.74985170364
2018-05-04,97261.16745042801
2018-05-07,97225.32192087173
2018-05-08,97184.44154787064
2018-05-09,97871.10716676712
2018-05-10,98175.7963051796
2018-05-11,98330.32520151138
2018-05-14,98246.12509202957
2018-05-15,98043.57786035538
2018-05-16,98048.37048959732
2018-05-17,97870.91377878189
2018-05-18,97848.28575754166
2018-05-21,97920.4807343483
2018-05-22,98005.60417795181
2018-05-23,98445.54960107803
2018-05-24,98472.6713013649
2018-05-25,98510.96196603775
2018-05-29,97732.16539239883
2018-05-30,98383.83757257462
2018-05-31,97975.88175821304
2018-06-01,98036.14641046524
2018-06-04,98601.64160013199
2018-06-05,98721.59632730484
2018-06-06,98624.73817300797
2018-06-07,98779.33700799942
2018-06-08,99004.69840478897
2018-06-11,101747.18458795547
2018-06-12,101647.529276371
2018-06-13,101077.20638132095
2018-06-14,100951.07436990738
2018-06-15,100693.33816385269
2018-06-18,100832.25913858414
2018-06-19,100941.93473672867
2018-06-20,101237.12040376663
2018-06-21,101081.97164964676
2018-06-22,101107.02234888077
2018-06-25,100110.470764637
2018-06-26,100432.7986664772
2018-06-27,98550.56595849991
2018-06-28,99764.21608018875
2018-06-29,100605.43120622635
2018-07-02,100414.48490381241
2018-07-03,99416.82757997513
2018-07-05,101730.27439928055
2018-07-06,103704.766644001
2018-07-09,106406.51070451736
2018-07-10,107071.54046487808
2018-07-11,105983.05026102066
2018-07-12,107455.33597612381
2018-07-13,107759.80788564682
2018-07-16,107780.49149656296
2018-07-17,107423.61321592331
2018-07-18,107538.59608411789
2018-07-19,108043.98140192032
2018-07-20,108043.98140192032
2018-07-23,108111.3584113121
2018-07-24,108111.3584113121
2018-07-25,108442.55431890488
2018-07-26,108429.67326116562
2018-07-27,108437.03451299667
2018-07-30,108293.83796072006
2018-07-31,109178.29000806808
2018-08-01,108641.572204113
2018-08-02,109373.5025191307
2018-08-03,109489.8006606102
2018-08-06,110467.46558523178
2018-08-07,111074.28412008286
2018-08-08,111015.6015753746
2018-08-09,109746.26337194443
2018-08-10,108853.56191778183
2018-08-13,109683.35753965378
2018-08-14,110405.31755590439
2018-08-15,109065.06907987595
2018-08-16,109177.45492124557
2018-08-17,109254.2530093193
2018-08-20,109302.55025053024
2018-08-21,109453.297809124
2018-08-22,109535.64940977097
2018-08-23,109558.59186124802
2018-08-24,109723.58564329147
2018-08-27,110084.66128110886
2018-08-28,110073.2450594902
2018-08-29,110050.60618925095
2018-08-30,109957.44398069382
2018-08-31,109973.74508237839
2018-09-04,109973.74508237839
2018-09-05,110204.80192136765
2018-09-06,108769.15694761276
2018-09-07,108351.37647390366
2018-09-10,109198.76695775986
2018-09-11,109113.39461278915
2018-09-12,109513.24496030807
2018-09-13,109905.5594382286
2018-09-14,110458.30599355698
2018-09-17,110077.51240873337
2018-09-18,109834.1317076683
2018-09-19,109462.7028670311
2018-09-20,109922.8165717125
2018-09-21,109934.32013845444
2018-09-24,109916.73507070541
2018-09-25,109995.48423147202
2018-09-26,108662.76616048813
2018-09-27,108887.98693990707
2018-09-28,109796.15336751938
2018-10-01,109065.61201047897
2018-10-02,109776.92155218124
2018-10-03,109081.7249045372
2018-10-04,108473.04281949997
2018-10-05,108576.63245725632
2018-10-08,108377.42464017868
2018-10-09,108273.39872312546
2018-10-10,101724.48861646652
2018-10-11,98117.39729070663
2018-10-12,100129.14633131027
2018-10-15,100366.02099752426
2018-10-16,105352.59143018723
2018-10-17,102256.32120466232
2018-10-18,97860.52397680283
2018-10-19,97491.41628408432
2018-10-22,97171.4593577385
2018-10-23,95036.48281240463
2018-10-24,91537.99381399155
2018-10-25,91700.48342466354
2018-10-26,91713.83208990097
2018-10-29,91255.06020116806
2018-10-30,91571.01768255234
2018-10-31,91711.69745588303
2018-11-01,91880.52265882492
2018-11-02,91880.52265882492
2018-11-05,91880.52265882492
2018-11-06,91880.52265882492
2018-11-07,92165.86563825607
2018-11-08,92181.55691862106
2018-11-09,92217.22395658493
2018-11-12,92297.12298154831
2018-11-13,92224.35829877853
2018-11-14,92168.71683835983
2018-11-15,92133.05113554001
2018-11-16,92157.30202436447
2018-11-19,92104.51643705368
2018-11-20,91971.83249235153
2018-11-21,91971.83249235153
2018-11-23,91971.83249235153
2018-11-26,91971.83249235153
2018-11-27,91971.83249235153
2018-11-28,91971.83249235153
2018-11-29,91971.83249235153
2018-11-30,91971.83249235153
2018-12-03,91971.83249235153
2018-12-04,91971.83249235153
2018-12-06,91971.83249235153
2018-12-07,91971.83249235153
2018-12-10,91971.83249235153
2018-12-11,91971.83249235153
2018-12-12,91971.83249235153
2018-12-13,91971.83249235153
2018-12-14,91971.83249235153
2018-12-17,91971.83249235153
2018-12-18,91971.83249235153
2018-12-19,91971.83249235153
2018-12-20,91971.83249235153
2018-12-21,91971.83249235153
2018-12-24,91971.83249235153
2018-12-26,91971.83249235153
2018-12-27,91971.83249235153
2018-12-28,91971.83249235153
2018-12-31,91971.83249235153
2019-01-02,91971.83249235153
2019-01-03,91971.83249235153
2019-01-04,91971.83249235153
2019-01-07,91971.83249235153
2019-01-08,91971.83249235153
2019-01-09,91971.83249235153
2019-01-10,91971.83249235153
2019-01-11,91971.83249235153
2019-01-14,91971.83249235153
2019-01-15,91971.83249235153
2019-01-16,91971.83249235153
2019-01-17,91971.83249235153
2019-01-18,91971.83249235153
2019-01-22,91971.83249235153
2019-01-23,91971.83249235153
2019-01-24,91971.83249235153
2019-01-25,91971.83249235153
2019-01-28,91971.83249235153
2019-01-29,91971.83249235153
2019-01-30,91971.83249235153
2019-01-31,91971.83249235153
2019-02-01,91971.83249235153
2019-02-04,91971.83249235153
2019-02-05,91971.83249235153
2019-02-06,91971.83249235153
2019-02-07,91971.83249235153
2019-02-08,91971.83249235153
2019-02-11,91971.83249235153
2019-02-12,92471.3808169365
2019-02-13,92783.59924268723
2019-02-14,92456.69034528732
2019-02-15,92757.88911008835
2019-02-19,92890.12793302536
2019-02-20,93029.70114850998
2019-02-21,93062.76591444016
2019-02-22,93158.26337766647
2019-02-25,93228.0550456047
2019-02-26,93104.10626935959
2019-02-27,93104.10626935959
2019-02-28,93104.10626935959
2019-03-01,93183.59816122055
2019-03-04,93107.75549840927
2019-03-05,93240.12205076218
2019-03-06,93308.70811414719
2019-03-07,92920.83694601059
2019-03-08,92512.23775434494
2019-03-11,93572.18216276169
2019-03-12,93861.64004468918
2019-03-13,94334.74887037277
2019-03-14,94396.54039144516
2019-03-15,94176.86927556992
2019-03-18,94725.52325201035
2019-03-19,93922.36184072495
2019-03-20,94124.21462011337
2019-03-21,94500.28285360336
2019-03-22,93494.42881536484
2019-03-25,94246.22757863998
2019-03-26,95036.26911306381
2019-03-27,94716.18100881577
2019-03-28,96105.79074239731
2019-03-29,96754.79890203476
2019-04-01,98669.27346563339
2019-04-02,98721.14095449448
2019-04-03,99608.31086111069
2019-04-04,99984.5992178917
2019-04-05,100753.11520528793
2019-04-08,100840.92696523666
2019-04-09,100840.92696523666
2019-04-10,100840.92696523666
2019-04-11,100840.92696523666
2019-04-12,100840.92696523666
2019-04-15,100840.92696523666
2019-04-16,100932.54784917831
2019-04-17,100631.09135961533
2019-04-18,101019.22603464127
2019-04-22,101248.52849817276
2019-04-23,101983.65285539627
2019-04-24,102261.07293844223
2019-04-25,102314.05982351303
2019-04-26,102934.13132238388
2019-04-29,101494.37074518204
2019-04-30,101691.98779726028
2019-05-01,100984.12532663345
2019-05-02,101933.46263933182
2019-05-03,102733.73684358597
2019-05-06,102049.31066179276
2019-05-07,100495.73264169693
2019-05-08,99990.75408601761
2019-05-09,99736.20033311844
2019-05-10,100080.03359079361
2019-05-13,96727.78192567825
2019-05-14,98104.14205598831
2019-05-15,99255.25099420547
2019-05-16,100427.22246408463
2019-05-17,98706.23913049698
2019-05-20,97682.92622995377
2019-05-21,99345.48578500748
2019-05-22,98820.33544206619
2019-05-23,96939.26098108292
2019-05-24,96605.73473215103
2019-05-28,95290.41835641861
2019-05-29,94700.14737176895
2019-05-30,94872.14212656021
2019-05-31,94720.89045190811
2019-06-03,95076.66006326675
2019-06-04,96140.90012979507
2019-06-05,96577.08819055557
2019-06-06,96567.24619150162
2019-06-07,96599.83513498306
2019-06-10,96353.61042261124
2019-06-11,96872.76215600967
2019-06-12,96982.62229776382
2019-06-13,97094.72603464127
2019-06-14,97044.6361413002
2019-06-17,97104.26634454727
2019-06-18,97168.66644144058
2019-06-19,97162.70289850235
2019-06-20,97162.70289850235
2019-06-21,97162.70289850235
2019-06-24,97162.70289850235
2019-06-25,97162.70289850235
2019-06-26,97162.70289850235
2019-06-27,97243.07481622696
2019-06-28,97222.37684869766
2019-07-01,97085.98275995255
2019-07-02,97489.08510065079
2019-07-03,97864.18864679337
2019-07-05,97612.08751153946
2019-07-08,97772.84090662003
2019-07-09,97803.2815041542
2019-07-10,97724.13458490372
2019-07-11,97562.1602883339
2019-07-12,97562.1602883339
2019-07-15,97562.1602883339
2019-07-16,97562.1602883339
2019-07-17,97562.1602883339
2019-07-18,97562.1602883339
2019-07-19,97562.1602883339
2019-07-22,97399.05723810196
2019-07-23,98542.67363214493
2019-07-24,99092.94893884659
2019-07-25,100712.7078499794
2019-07-26,100232.5594201088
2019-07-29,100039.3726029396
2019-07-30,100214.01151514053
2019-07-31,99083.6141667366
2019-08-01,96254.628967762
2019-08-02,96379.73864412308
2019-08-05,91438.87852907181
2019-08-06,92698.31550264359
2019-08-07,92037.11902666092
2019-08-08,96149.25704240799
2019-08-09,94069.03443574905
2019-08-12,92207.59694337845
2019-08-13,93959.94284296036
2019-08-14,89695.31503725052
2019-08-15,90212.87431669235
2019-08-16,92601.99047517776
2019-08-19,94061.58859682083
2019-08-20,93643.2164235115
2019-08-21,93937.41358995438
2019-08-22,93998.31879472733
2019-08-23,92945.29815340042
2019-08-26,93279.05479764938
2019-08-27,93120.37711668015
2019-08-28,94054.5408167839
2019-08-29,94651.5737528801
2019-08-30,94812.97792005539
2019-09-03,94992.32320737839
2019-09-04,95262.76583433151
2019-09-05,95551.09225416183
2019-09-06,96056.9999575615
2019-09-09,96441.06828641891
2019-09-10,96335.83555555344
2019-09-11,96226.14368391037
2019-09-12,96756.30815076828
2019-09-13,96844.78288221359
2019-09-16,97476.06224012375
2019-09-17,97959.79743909836
2019-09-18,97667.69237470627
2019-09-19,97903.9843211174
2019-09-20,97582.87406873703
2019-09-23,97991.54119825363
2019-09-24,97886.6903681755
2019-09-25,97891.33325910568
2019-09-26,97503.99030256271
2019-09-27,97503.99030256271
2019-09-30,97503.99030256271
2019-10-01,97503.99030256271
2019-10-02,97248.55027723312
2019-10-03,98204.21700620651
2019-10-04,99582.36679029465
2019-10-07,98842.27808332443
2019-10-08,96166.91776609421
2019-10-09,97436.85709524155
2019-10-10,98615.59636831284
2019-10-11,100560.81262540817
2019-10-14,100035.21915578842
2019-10-15,101462.4043879509
2019-10-16,100870.01280546188
2019-10-17,99830.94691801071
2019-10-18,100271.9398970604
2019-10-21,101071.99995183945
2019-10-22,101255.76058340073
2019-10-23,101465.07566595078
2019-10-24,101918.8540892601
2019-10-25,104244.62107992172
2019-10-28,104285.6870970726
2019-10-29,104792.21730184555
2019-10-30,105430.6113409996
2019-10-31,104857.53986501694
2019-11-01,105234.87132024765
2019-11-04,104920.0828948021
2019-11-05,103756.70364141464
2019-11-06,104291.3568854332
2019-11-07,103710.55586004257
2019-11-08,103742.0427145958
2019-11-11,103999.33878850937
2019-11-12,103904.6246008873
2019-11-13,104453.58498907089
2019-11-14,104670.32874822617
2019-11-15,104808.44398260117
2019-11-18,104848.34574651718
2019-11-19,105117.45743322372
2019-11-20,105117.45743322372
2019-11-21,104874.45700597763
2019-11-22,105042.58279943466
2019-11-25,105260.15907812119
2019-11-26,105472.07475805283
2019-11-27,105539.88481664658
2019-11-29,105538.47929906845
2019-12-02,105206.4642996788
2019-12-03,105101.91968297958
2019-12-04,105485.05005216599
2019-12-05,106087.53786611557
2019-12-06,107283.32294416428
2019-12-09,107163.9621310234
2019-12-10,105778.99589300156
2019-12-11,105592.9786734581
2019-12-12,107276.00964689255
2019-12-13,106610.57455015182
2019-12-16,108327.63399839401
2019-12-17,108933.61986112595
2019-12-18,108746.33943128586
2019-12-19,109425.56123876572
2019-12-20,109412.66340780258
2019-12-23,108665.5810713768
2019-12-24,108922.91032552719
2019-12-26,108954.18701314926
2019-12-27,109162.64370107651
2019-12-30,109236.23108816147
2019-12-31,109236.23108816147
2020-01-02,109236.23108816147
2020-01-03,109089.40316152573
2020-01-06,109293.33312368393
2020-01-07,109393.59147787094
2020-01-08,109363.87787771225
2020-01-09,109409.68412923813
2020-01-10,109274.45005178452
2020-01-13,109435.4235625267
2020-01-14,109401.81798696518
2020-01-15,109692.70177602768
2020-01-16,109777.05361318588
2020-01-17,109785.49082326889
2020-01-21,109667.80391073227
2020-01-22,109329.40481710434
2020-01-23,109643.90383291245
2020-01-24,108567.73214864731
2020-01-27,106823.71642827988
2020-01-28,107987.98728132248
2020-01-29,107902.59569501877
2020-01-30,109556.51853895187
2020-01-31,105854.47289037704
2020-02-03,106902.87672567368
2020-02-04,110839.12079000473
2020-02-05,113631.71042394638
2020-02-06,113247.33945989609
2020-02-07,111954.0217719078
2020-02-10,113939.61571455002
2020-02-11,114145.47205686569
2020-02-12,114528.47116422653
2020-02-13,114591.24186658859
2020-02-14,114621.41189146042
2020-02-18,115147.60338163376
2020-02-19,114421.95631361008
2020-02-20,114990.0871386528
2020-02-21,114516.22834348679
2020-02-24,113149.19187116623
2020-02-25,106621.78551626205
2020-02-26,103511.29781675339
2020-02-27,95685.07425260544
2020-02-28,93774.41353178024
2020-03-02,95131.05940961838
2020-03-03,94365.51175642014
2020-03-04,95349.95137357712
2020-03-05,93428.21711492538
2020-03-06,91983.30602788925
2020-03-09,89426.02698278427
2020-03-10,89426.02698278427
2020-03-11,89426.02698278427
2020-03-12,89426.02698278427
2020-03-13,89426.02698278427
2020-03-16,89426.02698278427
2020-03-17,89426.02698278427
2020-03-18,89426.02698278427
2020-03-19,89426.02698278427
2020-03-20,89426.02698278427
2020-03-23,89426.02698278427
2020-03-24,89426.02698278427
2020-03-25,89426.02698278427
2020-03-26,89426.02698278427
2020-03-27,89426.02698278427
2020-03-30,89426.02698278427
2020-03-31,89426.02698278427
2020-04-01,89426.02698278427
2020-04-02,89426.02698278427
2020-04-03,89426.02698278427
2020-04-06,89426.02698278427
2020-04-07,89426.02698278427
2020-04-08,89426.02698278427
2020-04-09,89426.02698278427
2020-04-13,89426.02698278427
2020-04-14,89426.02698278427
2020-04-15,89426.02698278427
2020-04-16,89426.02698278427
2020-04-17,89426.02698278427
2020-04-20,89426.02698278427
2020-04-21,89426.02698278427
2020-04-22,89426.02698278427
2020-04-23,89426.02698278427
2020-04-24,89426.02698278427
2020-04-27,89426.02698278427
2020-04-28,89426.02698278427
2020-04-29,89426.02698278427
2020-04-30,89426.02698278427
2020-05-01,89426.02698278427
2020-05-04,89426.02698278427
2020-05-05,89426.02698278427
2020-05-06,89426.02698278427
2020-05-07,89426.02698278427
2020-05-08,89426.02698278427
2020-05-11,89426.02698278427
2020-05-12,89426.02698278427
2020-05-13,89426.02698278427
2020-05-14,89426.02698278427
2020-05-15,89426.02698278427
2020-05-18,89426.02698278427
2020-05-19,89426.02698278427
2020-05-20,89426.02698278427
2020-05-21,89426.02698278427
2020-05-22,89426.02698278427
2020-05-26,89426.02698278427
2020-05-27,89426.02698278427
2020-05-28,89426.02698278427
2020-05-29,89426.02698278427
2020-06-01,89426.02698278427
2020-06-02,89426.02698278427
2020-06-03,89426.02698278427
2020-06-04,89426.02698278427
2020-06-05,89426.02698278427
2020-06-08,89426.02698278427
2020-06-09,89426.02698278427
2020-06-10,89426.02698278427
2020-06-11,89426.02698278427
2020-06-12,89426.02698278427
2020-06-15,89426.02698278427
2020-06-16,89426.02698278427
2020-06-17,89426.02698278427
2020-06-18,89426.02698278427
2020-06-19,89426.02698278427
2020-06-22,89585.52306127548
2020-06-23,89587.69720983505
2020-06-24,89628.29639577866
2020-06-25,89823.83996725082
2020-06-26,89114.83078145981
2020-06-29,89748.95636892319
2020-06-30,89933.5565123558
2020-07-01,90018.64406728745
2020-07-02,90021.6078619957
2020-07-06,90169.56450033188
2020-07-07,90030.04530477524
2020-07-08,90056.81852865219
2020-07-09,90025.9288649559
2020-07-10,90277.1802535057
2020-07-13,90233.97606039047
2020-07-14,90343.28176259995
2020-07-15,90864.5819106102
2020-07-16,90692.21468496323
2020-07-17,90597.62427663803
2020-07-20,90357.99517965317
2020-07-21,90713.23706960678
2020-07-22,90843.56046438217
2020-07-23,90759.47749471664
2020-07-24,90759.47749471664
2020-07-27,90759.47749471664
2020-07-28,90961.35527276993
2020-07-29,91338.192050457
2020-07-30,91513.15533208847
2020-07-31,91266.41634893417
2020-08-03,91369.59622144699
2020-08-04,91797.51504659653
2020-08-05,92180.27173757553
2020-08-06,92155.8670554161
2020-08-07,92456.7829375267
2020-08-10,94591.27307271957
2020-08-11,94032.09723806381
2020-08-12,94377.11992788315
2020-08-13,94461.68644094467
2020-08-14,94591.42878866196
2020-08-17,95196.37114095688
2020-08-18,94993.44940328598
2020-08-19,94806.82580709457
2020-08-20,94450.58840322495
2020-08-21,94312.6225142479
2020-08-24,94500.23291158676
2020-08-25,94393.81289052963
2020-08-26,94209.24772787094
2020-08-27,94236.09316396713
2020-08-28,94435.25366353989
2020-08-31,94169.2186217308
2020-09-01,94553.91369390488
2020-09-02,95062.46572637558
2020-09-03,93289.66539525986
2020-09-04,93039.90074300766
2020-09-08,92390.56267309189
2020-09-09,94016.5370516777
2020-09-10,93005.5021367073
2020-09-11,93893.65912389755
2020-09-14,94972.8766913414
2020-09-15,95796.78513002396
2020-09-16,96303.82704210281
2020-09-17,95973.0250287056
2020-09-18,94147.60080385208
2020-09-21,92218.7863984108
2020-09-22,92831.57860422134
2020-09-23,90581.96449136734
2020-09-24,90828.81353235245
2020-09-25,91773.29278421402
2020-09-28,94331.29429864883
2020-09-29,92731.16073083878
2020-09-30,93805.87447977066
2020-10-01,93679.0419831276
2020-10-02,94882.02717447281
2020-10-05,96722.62612771988
2020-10-06,96679.88520669937
2020-10-07,97250.65327310562
2020-10-08,97609.23221445084
2020-10-09,97609.23221445084
2020-10-12,97609.23221445084
2020-10-13,97609.23221445084
2020-10-14,97609.23221445084
2020-10-15,97609.23221445084
2020-10-16,97609.23221445084
2020-10-19,97609.23221445084
2020-10-20,97609.23221445084
2020-10-21,97339.24184656143
2020-10-22,97562.5670876503
2020-10-23,97449.23893976212
2020-10-26,97199.24935770035
2020-10-27,96826.95197534561
2020-10-28,94821.32564020157
2020-10-29,97104.63772058487
2020-10-30,97290.90850687027
2020-11-02,100937.62002420425
2020-11-03,104592.09626245499
2020-11-04,102956.40906190872
2020-11-05,106573.40772485733
2020-11-06,106327.4347538948
2020-11-09,114814.25260782242
2020-11-10,116508.12273073196
2020-11-11,115356.82843637466
2020-11-12,115517.90601968765
2020-11-13,115670.73218011856
2020-11-16,115747.14601755142
2020-11-17,115769.42789697647
2020-11-18,115721.67322397232
2020-11-19,115998.67092370987
2020-11-20,115794.90069055557
2020-11-23,115686.65494775772
2020-11-24,115686.65494775772
2020-11-25,115686.65494775772
2020-11-27,115686.65494775772
2020-11-30,115686.65494775772
2020-12-01,115686.65494775772
2020-12-02,115686.65494775772
2020-12-03,115749.01907205582
2020-12-04,115626.8910164833
2020-12-07,115897.13044595718
2020-12-08,115767.20400094986
2020-12-09,116266.10714197159
2020-12-10,116372.64170312881
2020-12-11,116501.16771173477
2020-12-14,116353.50644159317
2020-12-15,116440.80559396744
2020-12-16,116276.20907068253
2020-12-17,117199.0192360878
2020-12-18,116685.35624170303
2020-12-21,116114.85553979874
2020-12-22,116374.28855371475
2020-12-23,116366.75275659561
2020-12-24,116587.87719964981
2020-12-28,116709.46386575699
2020-12-29,116409.96767282486
2020-12-30,117126.90948343277
2020-12-31,117732.9603524208
2021-01-04,117647.08754968643
2021-01-05,118788.5548081398
2021-01-06,120847.78526544571
2021-01-07,120893.22032022476
2021-01-08,120799.56489419937
2021-01-11,120476.3988404274
2021-01-12,120307.13338327408
2021-01-13,120725.33621072769
2021-01-14,121266.28381204605
2021-01-15,121013.171438694
2021-01-19,120715.43744134903
2021-01-20,120923.6484246254
2021-01-21,120643.9825539589
2021-01-22,120533.06130838394
2021-01-25,121225.20652627945
2021-01-26,122302.63094186783
2021-01-27,121854.13464975357
2021-01-28,123304.03800058365
2021-01-29,121259.00990915298
2021-02-01,123161.54472970963
2021-02-02,124930.18228006363
2021-02-03,124381.07033395767
2021-02-04,125966.53281259537
2021-02-05,126866.4876999855
2021-02-08,127734.04823160172
2021-02-09,127736.60655069351
2021-02-10,127688.1390748024
2021-02-11,128131.79296731949
2021-02-12,128358.43047952652
2021-02-16,128358.43047952652
2021-02-17,128358.43047952652
2021-02-18,128358.43047952652
2021-02-19,128358.43047952652
2021-02-22,128358.43047952652
2021-02-23,128358.43047952652
2021-02-24,128358.43047952652
2021-02-25,128358.43047952652
2021-02-26,127691.17657327652
2021-03-01,128510.63777399063
2021-03-02,128099.6595902443
2021-03-03,127433.47555398941
2021-03-04,126607.59021615982
2021-03-05,129037.83183526993
2021-03-08,129387.95249414444
2021-03-09,130858.05130243301
2021-03-10,132630.87529230118
2021-03-11,134291.71954202652
2021-03-12,134355.08974695206
2021-03-15,135012.70608758926
2021-03-16,135219.37133264542
2021-03-17,135134.0443291664
2021-03-18,134588.57116174698
2021-03-19,134806.49071741104
2021-03-22,134858.3604683876
2021-03-23,134858.3604683876
2021-03-24,134920.93419885635
2021-03-25,135599.85439538956
2021-03-26,136203.6863808632
2021-03-29,135551.36028528214
2021-03-30,135903.33486413956
2021-03-31,136360.11937952042
2021-04-01,135856.4072213173
2021-04-05,136383.58585596085
2021-04-06,136444.5944466591
2021-04-07,136435.20759058
2021-04-08,136435.20759058
2021-04-09,136435.20759058
2021-04-12,136435.20759058
2021-04-13,136435.20759058
2021-04-14,136435.20759058
2021-04-15,136435.20759058
2021-04-16,136435.20759058
2021-04-19,136435.20759058
2021-04-20,136435.20759058
2021-04-21,136435.20759058
2021-04-22,136435.20759058
2021-04-23,136435.20759058
2021-04-26,136435.20759058
2021-04-27,136418.6411690712
2021-04-28,136464.20696496964
2021-04-29,136694.12256860733
2021-04-30,136882.60765314102
2021-05-03,137694.76188898087
2021-05-04,137415.41396570206
2021-05-05,136604.75940179825
2021-05-06,136123.37060022354
2021-05-07,137835.60301446915
2021-05-10,137237.80082178116
2021-05-11,136535.06022882462
2021-05-12,135697.69159173965
2021-05-13,138846.02392053604
2021-05-14,141545.2143959999
2021-05-17,141053.15769052505
2021-05-18,139564.00986337662
2021-05-19,138804.5556282997
2021-05-20,140068.42153024673
2021-05-21,139617.43368768692
2021-05-24,140870.26720666885
2021-05-25,141557.71056985855
2021-05-26,142121.3194413185
2021-05-27,141923.57708597183
2021-05-28,141890.81310129166
2021-06-01,142220.96907663345
2021-06-02,141987.6206727028
2021-06-03,142159.83961343765
2021-06-04,142117.4925751686
2021-06-07,141757.15124368668
2021-06-08,141829.01439523697
2021-06-09,141769.75745248795
2021-06-10,141852.85745477676
2021-06-11,142372.60723352432
2021-06-14,142113.22270059586
2021-06-15,142719.7626976967
2021-06-16,142358.64012002945
2021-06-17,139955.4422059059
2021-06-18,135804.69800806046
2021-06-21,141361.9291138649
2021-06-22,141556.66772317886
2021-06-23,140935.2898774147
2021-06-24,142484.58738183975
2021-06-25,143779.03593683243
2021-06-28,140289.40202569962
2021-06-29,139840.41233301163
2021-06-30,140880.62501382828
2021-07-01,141647.5129761696
2021-07-02,141159.54179620743
2021-07-06,140948.9800286293
2021-07-07,141125.58085870743
2021-07-08,141258.12111139297
2021-07-09,142674.2790055275
2021-07-12,142323.80225229263
2021-07-13,141635.32891321182
2021-07-14,141235.55119371414
2021-07-15,140414.08253145218
2021-07-16,138748.87889909744
2021-07-19,134597.13031816483
2021-07-20,141550.3177857399
2021-07-21,144893.55854272842
2021-07-22,141582.6508603096
2021-07-23,141974.0263695717
2021-07-26,143875.32795000076
2021-07-27,142469.21123170853
2021-07-28,142770.1627240181
2021-07-29,143222.74157190323
2021-07-30,142778.1887421608
2021-08-02,142646.57275629044
2021-08-03,142646.57275629044
2021-08-04,142646.57275629044
2021-08-05,142621.84900140762
2021-08-06,142765.2371506691
2021-08-09,143002.5728173256
2021-08-10,143071.7965798378
2021-08-11,143348.6870446205
2021-08-12,143312.11945199966
2021-08-13,144041.86246347427
2021-08-16,144543.14568567276
2021-08-17,144198.5966591835
2021-08-18,141919.3546872139
2021-08-19,141305.89732980728
2021-08-20,142076.73069620132
2021-08-23,143270.91913461685
2021-08-24,143437.806122303
2021-08-25,143864.0649781227
2021-08-26,142953.28338479996
2021-08-27,144824.8574795723
2021-08-30,144743.94213533401
2021-08-31,145237.3746495247
2021-09-01,144912.64284944534
2021-09-02,145955.1168179512
2021-09-03,145955.1168179512
2021-09-07,145955.1168179512
2021-09-08,145552.0013165474
2021-09-09,146875.94862413406
2021-09-10,145691.42697191238
2021-09-13,146649.60378313065
2021-09-14,143679.338367939
2021-09-15,145468.97050142288
2021-09-16,144736.85614824295
2021-09-17,143337.15021562576
2021-09-20,141395.77162218094
2021-09-21,140407.18324899673
2021-09-22,142820.31735277176
2021-09-23,145425.83601045609
2021-09-24,145245.06727838516
2021-09-27,145391.17984819412
2021-09-28,143184.41621255875
2021-09-29,143989.9136929512
2021-09-30,141310.31135606766
2021-10-01,143274.4530968666
2021-10-04,140508.0886902809
2021-10-05,143363.4086098671
2021-10-06,144833.6034836769
2021-10-07,147537.96331834793
2021-10-08,146372.3952240944
2021-10-11,145259.71099710464
2021-10-12,145384.33910226822
2021-10-13,145645.37717294693
2021-10-14,146652.4105668068
2021-10-15,146963.8357987404
2021-10-18,147028.46889352798
2021-10-19,147214.57248544693
2021-10-20,147457.92892313004
2021-10-21,147280.4169831276
2021-10-22,147216.7188630104
2021-10-25,147158.5104355812
2021-10-26,147247.0325074196
2021-10-27,146539.0739197731
2021-10-28,146960.01890039444
2021-10-29,146681.49293756485
2021-11-01,147503.1347336769
2021-11-02,146896.5912041664
2021-11-03,147513.97560739517
2021-11-04,147634.2528977394
2021-11-05,148854.5838456154
2021-11-08,149691.6535935402
2021-11-09,149689.21156549454
2021-11-10,149607.97970819473
2021-11-11,149607.97970819473
2021-11-12,149720.40824365616
2021-11-15,151422.43569040298
2021-11-16,152094.9493317604
2021-11-17,151228.03426218033
2021-11-18,150469.24158525467
2021-11-19,149115.12385988235
2021-11-22,150032.72574281693
2021-11-23,149583.68973970413
2021-11-24,149812.20467233658
2021-11-26,145956.8904862404
2021-11-29,148074.91860818863
2021-11-30,144355.96182107925
2021-12-01,142123.6000828743
2021-12-02,151342.7033753395
2021-12-03,149990.85256242752
2021-12-06,156180.04871225357
2021-12-07,159696.17315530777
2021-12-08,158659.84487009048
2021-12-09,155883.82562685013
2021-12-10,159044.507250309
2021-12-13,159050.51923799515
2021-12-14,157955.90358018875
2021-12-15,158913.38304185867
2021-12-16,158755.87359666824
2021-12-17,159105.48812913895
2021-12-20,158317.30143785477
2021-12-21,161006.89572954178
2021-12-22,161883.52214860916
2021-12-23,162593.0995373726
2021-12-27,164754.5622124672
2021-12-28,164732.07848215103
2021-12-29,164982.4872021675
2021-12-30,164380.58482599258
2021-12-31,164775.55754709244
2022-01-03,165234.57959794998
2022-01-04,166944.3436512947
2022-01-05,166944.3436512947
2022-01-06,166470.19170427322
2022-01-07,165562.28516435623
2022-01-10,165640.23822832108
2022-01-11,165955.43277788162
2022-01-12,166492.1680073738
2022-01-13,166624.99018144608
2022-01-14,165889.43207597733
2022-01-18,164375.4434132576
2022-01-19,163554.801674366
2022-01-20,162342.01975297928
2022-01-21,159867.70782518387
2022-01-24,162433.3894124031
2022-01-25,159263.12234926224
2022-01-26,158354.67748880386
2022-01-27,153339.24795389175
2022-01-28,156152.53304338455
2022-01-31,158588.67510843277
2022-02-01,160542.18693590164
2022-02-02,162057.46395730972
2022-02-03,160713.16578531265
2022-02-04,160671.65536546707
2022-02-07,160402.59664201736
2022-02-08,160637.22091722488
2022-02-09,161074.25363969803
2022-02-10,160842.9579014778
2022-02-11,161154.57151842117
2022-02-14,161424.02078294754
2022-02-15,161967.17147874832
2022-02-16,162414.10834550858
2022-02-17,162235.34774827957
2022-02-18,162532.6907658577
2022-02-22,161910.78391313553
2022-02-23,161168.41793870926
2022-02-24,160431.58297777176
2022-02-25,161062.8377995491
2022-02-28,160954.56250047684
2022-03-01,160954.56250047684
2022-03-02,160954.56250047684
2022-03-03,160954.56250047684
2022-03-04,160954.56250047684
2022-03-07,160954.56250047684
2022-03-08,160954.56250047684
2022-03-09,160954.56250047684
2022-03-10,160954.56250047684
2022-03-11,160954.56250047684
2022-03-14,160954.56250047684
2022-03-15,160954.56250047684
2022-03-16,160954.56250047684
2022-03-17,160954.56250047684
2022-03-18,160954.56250047684
2022-03-21,160954.56250047684
2022-03-22,160954.56250047684
2022-03-23,160954.56250047684
2022-03-24,160954.56250047684
2022-03-25,160954.56250047684
2022-03-28,160954.56250047684
2022-03-29,160954.56250047684
2022-03-30,160954.56250047684
2022-03-31,160954.56250047684
2022-04-01,160954.56250047684
2022-04-04,160698.05831956863
2022-04-05,160460.88377428055
2022-04-06,160322.09053087234
2022-04-07,160432.1867070198
2022-04-08,160466.73841905594
2022-04-11,160321.50599718094
2022-04-12,160176.8543858528
2022-04-13,160396.46220445633
2022-04-14,160398.2204594612
2022-04-18,160365.42607164383
2022-04-19,160365.42607164383
2022-04-20,160365.42607164383
2022-04-21,160365.42607164383
2022-04-22,160365.42607164383
2022-04-25,160365.42607164383
2022-04-26,160365.42607164383
2022-04-27,160365.42607164383
2022-04-28,160365.42607164383
2022-04-29,160365.42607164383
2022-05-02,160365.42607164383
2022-05-03,160365.42607164383
2022-05-04,160365.42607164383
2022-05-05,160365.42607164383
2022-05-06,160365.42607164383
2022-05-09,160365.42607164383
2022-05-10,160365.42607164383
2022-05-11,160365.42607164383
2022-05-12,160365.42607164383
2022-05-13,160365.42607164383
2022-05-16,160365.42607164383
2022-05-17,160365.42607164383
2022-05-18,160365.42607164383
2022-05-19,160365.42607164383
2022-05-20,160365.42607164383
2022-05-23,160365.42607164383
2022-05-24,160365.42607164383
2022-05-25,160365.42607164383
2022-05-26,160365.42607164383
2022-05-27,160365.42607164383
2022-05-31,160365.42607164383
2022-06-01,160365.42607164383
2022-06-02,160365.42607164383
2022-06-03,160365.42607164383
2022-06-06,160365.42607164383
2022-06-07,160365.42607164383
2022-06-08,160365.42607164383
2022-06-09,160365.42607164383
2022-06-10,160365.42607164383
2022-06-13,160365.42607164383
2022-06-14,160365.42607164383
2022-06-15,160365.42607164383
2022-06-16,160365.42607164383
2022-06-17,160365.42607164383
2022-06-21,160365.42607164383
2022-06-22,160365.42607164383
2022-06-23,160365.42607164383
2022-06-24,160365.42607164383
2022-06-27,160365.42607164383
2022-06-28,160365.42607164383
2022-06-29,160365.42607164383
2022-06-30,160365.42607164383
2022-07-01,160365.42607164383
2022-07-05,160365.42607164383
2022-07-06,160365.42607164383
2022-07-07,160365.42607164383
2022-07-08,160365.42607164383
2022-07-11,160365.42607164383
2022-07-12,160365.42607164383
2022-07-13,160365.42607164383
2022-07-14,160365.42607164383
2022-07-15,160365.42607164383
2022-07-18,160365.42607164383
2022-07-19,160365.42607164383
2022-07-20,160365.42607164383
2022-07-21,160365.42607164383
2022-07-22,160365.42607164383
2022-07-25,160365.42607164383
2022-07-26,160365.42607164383
2022-07-27,160365.42607164383
2022-07-28,160365.42607164383
2022-07-29,160365.42607164383
2022-08-01,160365.42607164383
2022-08-02,160365.42607164383
2022-08-03,160365.42607164383
2022-08-04,160365.42607164383
2022-08-05,160365.42607164383
2022-08-08,160365.42607164383
2022-08-09,160365.42607164383
2022-08-10,160365.42607164383
2022-08-11,160542.61796617508
2022-08-12,161366.22966051102
2022-08-15,161494.2118229866
2022-08-16,161868.2789463997
2022-08-17,161628.73648118973
2022-08-18,161874.84098863602
2022-08-19,161992.96612596512
2022-08-22,161399.04545640945
2022-08-23,161533.57849168777
2022-08-24,161786.2506260872
2022-08-25,161786.2506260872
2022-08-26,161786.2506260872
2022-08-29,161786.2506260872
2022-08-30,161786.2506260872
2022-08-31,161786.2506260872
2022-09-01,161786.2506260872
2022-09-02,161786.2506260872
2022-09-06,161786.2506260872
2022-09-07,161786.2506260872
2022-09-08,161786.2506260872
2022-09-09,161786.2506260872
2022-09-12,161786.2506260872
2022-09-13,161786.2506260872
2022-09-14,161786.2506260872
2022-09-15,161786.2506260872
2022-09-16,161786.2506260872
2022-09-19,161786.2506260872
2022-09-20,161786.2506260872
2022-09-21,161786.2506260872
2022-09-22,161786.2506260872
2022-09-23,161786.2506260872
2022-09-26,161786.2506260872
2022-09-27,161786.2506260872
2022-09-28,161786.2506260872
2022-09-29,161786.2506260872
2022-09-30,161786.2506260872
2022-10-03,161786.2506260872
2022-10-04,161786.2506260872
2022-10-05,161786.2506260872
2022-10-06,161786.2506260872
2022-10-07,161786.2506260872
2022-10-10,161786.2506260872
2022-10-11,161786.2506260872
2022-10-12,161786.2506260872
2022-10-13,161786.2506260872
2022-10-14,161786.2506260872
2022-10-17,161786.2506260872
2022-10-18,161786.2506260872
2022-10-19,161786.2506260872
2022-10-20,161786.2506260872
2022-10-21,161786.2506260872
2022-10-24,161786.2506260872
2022-10-25,161786.2506260872
2022-10-26,161786.2506260872
2022-10-27,161786.2506260872
2022-10-28,161786.2506260872
2022-10-31,161786.2506260872
2022-11-01,161786.2506260872
2022-11-02,161786.2506260872
2022-11-03,161786.2506260872
2022-11-04,161786.2506260872
2022-11-07,161786.2506260872
2022-11-08,161786.2506260872
2022-11-09,161786.2506260872
2022-11-10,161786.2506260872
2022-11-11,161786.2506260872
2022-11-14,161786.2506260872
2022-11-15,161786.2506260872
2022-11-16,161786.2506260872
2022-11-17,161786.2506260872
2022-11-18,161786.2506260872
2022-11-21,161786.2506260872
2022-11-22,161786.2506260872
2022-11-23,161786.2506260872
2022-11-25,161786.2506260872
2022-11-28,161786.2506260872
2022-11-29,161786.2506260872
2022-11-30,161786.2506260872
2022-12-01,161786.2506260872
2022-12-02,161786.2506260872
2022-12-05,161786.2506260872
2022-12-06,161786.2506260872
2022-12-07,161786.2506260872
2022-12-08,161786.2506260872
2022-12-09,161786.2506260872
2022-12-12,161786.2506260872
2022-12-13,161786.2506260872
2022-12-14,161786.2506260872
2022-12-15,161786.2506260872
2022-12-16,161786.2506260872
2022-12-19,161786.2506260872
2022-12-20,161786.2506260872
2022-12-21,161786.2506260872
2022-12-22,161786.2506260872
2022-12-23,161786.2506260872
2022-12-27,161786.2506260872
2022-12-28,161786.2506260872
2022-12-29,161786.2506260872
2022-12-30,161786.2506260872
2023-01-03,161786.2506260872
2023-01-04,161786.2506260872
2023-01-05,161786.2506260872
2023-01-06,161786.2506260872
2023-01-09,161786.2506260872
2023-01-10,161786.2506260872
2023-01-11,161786.2506260872
2023-01-12,161786.2506260872
2023-01-13,161786.2506260872
2023-01-17,161786.2506260872
2023-01-18,161786.2506260872
2023-01-19,161786.2506260872
2023-01-20,161786.2506260872
2023-01-23,161786.2506260872
2023-01-24,161905.70405626297
2023-01-25,161890.19197130203
2023-01-26,161801.7549290657
2023-01-27,161699.5691075325
2023-01-30,161953.00202989578
2023-01-31,162049.5514073372
2023-02-01,162248.4672703743
2023-02-02,162354.75335741043
2023-02-03,162534.92074632645
2023-02-06,162307.41153383255
2023-02-07,163368.1645474434
2023-02-08,163148.4397778511
2023-02-09,162408.44904375076
2023-02-10,164759.56959199905
2023-02-13,164999.49965715408
2023-02-14,165213.76015138626
2023-02-15,164749.19763612747
2023-02-16,164000.91311311722
2023-02-17,163619.34843873978
2023-02-21,162236.0981144905
2023-02-22,162066.2320485115
2023-02-23,162261.75363969803
2023-02-24,161561.86233568192
2023-02-27,161281.61728715897
2023-02-28,161372.19642686844
2023-03-01,161091.08100938797
2023-03-02,161656.4378437996
2023-03-03,161584.59723711014
2023-03-06,161821.9860844612
2023-03-07,161734.5279545784
2023-03-08,161625.20529222488
2023-03-09,160841.20063829422
2023-03-10,160841.20063829422
2023-03-13,160841.20063829422
2023-03-14,160841.20063829422
2023-03-15,160841.20063829422
2023-03-16,160841.20063829422
2023-03-17,160841.20063829422
2023-03-20,160841.20063829422
2023-03-21,160841.20063829422
2023-03-22,160841.20063829422
2023-03-23,160841.20063829422
2023-03-24,160841.20063829422
2023-03-27,160841.20063829422
2023-03-28,160841.20063829422
2023-03-29,160841.20063829422
2023-03-30,160841.20063829422
2023-03-31,160841.20063829422
2023-04-03,160841.20063829422
2023-04-04,160841.20063829422
2023-04-05,160841.20063829422
2023-04-06,160521.55967760086
2023-04-10,160693.14064073563
2023-04-11,160571.36909532547
2023-04-12,160694.52705430984
2023-04-13,160859.18983507156
2023-04-14,160752.6432042122
2023-04-17,160957.44148302078
2023-04-18,161283.469101429
2023-04-19,161270.67698717117
2023-04-20,161896.19212388992
2023-04-21,161632.5730137825
2023-04-24,161560.16679430008
2023-04-25,160956.8060154915
2023-04-26,160415.68257188797
2023-04-27,162211.09922075272
2023-04-28,165131.11102342606
2023-05-01,165141.5598988533
2023-05-02,163800.0253071785
2023-05-03,163002.95329141617
2023-05-04,161954.58512353897
2023-05-05,164373.93678331375
2023-05-08,163116.22928857803
2023-05-09,162084.0592827797
2023-05-10,163363.5243458748
2023-05-11,163244.46690416336
2023-05-12,163879.26694345474
2023-05-15,164590.8906083107
2023-05-16,162271.61923265457
2023-05-17,163697.07988023758
2023-05-18,163988.59768342972
2023-05-19,164107.48948907852
2023-05-22,163770.419611454
2023-05-23,162589.45529031754
2023-05-24,161255.59601259232
2023-05-25,160987.31015062332
2023-05-26,161642.7224831581
2023-05-30,158963.31328248978
2023-05-31,158897.50603342056
2023-06-01,161944.4719529152
2023-06-02,171980.12229776382
2023-06-05,171997.88230752945
2023-06-06,175580.94102334976
2023-06-07,178660.40300226212
2023-06-08,179037.89853143692
2023-06-09,178391.2372803688
2023-06-12,179020.2467560768
2023-06-13,180395.77392435074
2023-06-14,179390.96933221817
2023-06-15,180223.44676446915
2023-06-16,179768.8315911293
2023-06-20,179601.42247247696
2023-06-21,180131.20836877823
2023-06-22,179925.85260248184
2023-06-23,179643.79846811295
2023-06-26,180383.41678094864
2023-06-27,180308.19999170303
2023-06-28,180515.0423798561
2023-06-29,181046.18072748184
2023-06-30,181348.60665369034
2023-07-03,181738.86514902115
2023-07-05,181598.57554101944
2023-07-06,181319.34115839005
2023-07-07,181105.08889245987
2023-07-10,180983.5806221962
2023-07-11,181076.31341791153
2023-07-12,181034.74479913712
2023-07-13,180983.5806221962
2023-07-14,180983.5806221962
2023-07-17,180983.5806221962
2023-07-18,180983.5806221962
2023-07-19,180983.5806221962
2023-07-20,180983.5806221962
2023-07-21,180983.5806221962
2023-07-24,180983.5806221962
2023-07-25,180983.5806221962
2023-07-26,180983.5806221962
2023-07-27,180983.5806221962
2023-07-28,180935.51748132706
2023-07-31,181419.9791817665
2023-08-01,181270.02309656143
2023-08-02,180933.59417200089
2023-08-03,180601.00533533096
2023-08-04,181285.87361383438
2023-08-07,183819.3722462654
2023-08-08,182507.9932770729
2023-08-09,182434.1806435585
2023-08-10,182790.59870386124
2023-08-11,182468.0612835884
2023-08-14,182075.0532746315
2023-08-15,178520.17130041122
2023-08-16,176886.7715973854
2023-08-17,173997.22803735733
2023-08-18,174128.0773320198
2023-08-21,173915.9124302864
2023-08-22,172862.87062120438
2023-08-23,175778.0031323433
2023-08-24,173054.1281247139
2023-08-25,174791.83046388626
2023-08-28,176542.58324861526
2023-08-29,179446.7672047615
2023-08-30,179625.15399980545
2023-08-31,179256.67021989822
2023-09-01,179341.53122758865
2023-09-05,179976.62639665604
2023-09-06,179182.97197008133
2023-09-07,179685.87382555008
2023-09-08,180233.8220295906
2023-09-11,179686.017639637
2023-09-12,183072.91267442703
2023-09-13,185117.2898182869
2023-09-14,187781.8436741829
2023-09-15,186394.79200029373
2023-09-18,185588.2865986824
2023-09-19,184511.35403108597
2023-09-20,184166.92378664017
2023-09-21,183491.80313539505
2023-09-22,182477.64186525345
2023-09-25,182642.41498613358
2023-09-26,179939.88517713547
2023-09-27,179498.06749296188
2023-09-28,181033.6170744896
2023-09-29,180062.48177576065
2023-10-02,175916.39168977737
2023-10-03,171481.24605035782
2023-10-04,173679.80848932266
2023-10-05,172884.16007852554
2023-10-06,173969.22930383682
2023-10-09,176125.3204445839
2023-10-10,176722.99529504776
2023-10-11,176110.8999695778
2023-10-12,174816.84244775772
2023-10-13,174740.46890497208
2023-10-16,175459.59438562393
2023-10-17,176808.73656702042
2023-10-18,176885.10505914688
2023-10-19,176204.7935204506
2023-10-20,174696.72783517838
2023-10-23,174308.1516289711
2023-10-24,174629.47589731216
2023-10-25,172033.9115204811
2023-10-26,173409.90296792984
2023-10-27,175222.0981888771
2023-10-30,176481.99669504166
2023-10-31,177177.54376077652
2023-11-01,177744.52643823624
2023-11-02,177816.53357934952
2023-11-03,177816.53357934952
2023-11-06,177816.53357934952
2023-11-07,177816.53357934952
2023-11-08,177782.35346460342
2023-11-09,177863.30485010147
2023-11-10,178097.16120386124
2023-11-13,178115.1524834633
2023-11-14,178465.93701410294
2023-11-15,178433.55645990372
2023-11-16,178371.12266778946
2023-11-17,178691.42858362198
2023-11-20,178383.19742059708
2023-11-21,178122.8327050209
2023-11-22,178085.93908166885
2023-11-24,178985.24959802628
2023-11-27,177850.7361702919
2023-11-28,177761.3593583107
2023-11-29,177297.744246006
2023-11-30,177895.42094278336
2023-12-01,178157.95094537735
2023-12-04,178615.98258066177
2023-12-05,178028.34496545792
2023-12-06,178287.75769281387
2023-12-07,178590.8897690773
2023-12-08,177792.66776132584
2023-12-11,179417.65543603897
2023-12-12,178388.32202386856
2023-12-13,180752.89988946915
2023-12-14,179830.5608010292
2023-12-15,179229.90725183487
2023-12-18,179476.30140924454
2023-12-19,179476.30140924454
2023-12-20,179476.30140924454
2023-12-21,179476.30140924454
2023-12-22,179476.30140924454
2023-12-26,179476.30140924454
2023-12-27,179476.30140924454
2023-12-28,179476.30140924454
2023-12-29,179476.30140924454
2024-01-02,179476.30140924454
2024-01-03,179476.30140924454
2024-01-04,179476.30140924454
2024-01-05,179476.30140924454
2024-01-08,179476.30140924454
2024-01-09,179476.30140924454
2024-01-10,179476.30140924454
2024-01-11,179476.30140924454
2024-01-12,180128.79074811935
2024-01-16,179079.14874982834
2024-01-17,176551.90988874435
2024-01-18,178038.40933942795
2024-01-19,179071.89091062546
2024-01-22,180213.77555799484
2024-01-23,179106.70094251633
2024-01-24,176708.7306818962
2024-01-25,179024.3162226677
2024-01-26,179695.577811718
2024-01-29,180570.88566541672
2024-01-30,180662.95021009445
2024-01-31,179925.80061292648
2024-02-01,180813.55999708176
2024-02-02,180676.01325941086
2024-02-05,179878.332801342
2024-02-06,182536.8516688347
2024-02-07,186474.48814344406
2024-02-08,186318.42255353928
2024-02-09,187985.16855573654
2024-02-12,188166.04881238937
2024-02-13,186732.86119031906
2024-02-14,188071.94123506546
2024-02-15,191240.4579463005
2024-02-16,191576.50408029556
2024-02-20,190566.1233382225
2024-02-21,190796.2330880165
2024-02-22,190914.28519392014
2024-02-23,191545.11344099045
2024-02-26,191561.90817975998
2024-02-27,190927.97695207596
2024-02-28,190880.20597219467
2024-02-29,190718.61472272873
2024-03-01,191895.52983903885
2024-03-04,193894.2256655693
2024-03-05,192889.5463604927
2024-03-06,194288.93643522263
2024-03-07,195298.335668087
2024-03-08,194884.17992067337
2024-03-11,195268.63244867325
2024-03-12,195801.41649103165
2024-03-13,195628.2335076332
2024-03-14,195628.2335076332
2024-03-15,195628.2335076332
2024-03-18,195844.9390130043
2024-03-19,196362.21653985977
2024-03-20,197365.27293634415
2024-03-21,198978.6413140297
2024-03-22,197006.08461236954
2024-03-25,195966.87632989883
2024-03-26,196823.1576104164
2024-03-27,197844.54231500626
2024-03-28,199010.30079889297
2024-04-01,197354.0969414711
2024-04-02,196946.71339654922
2024-04-03,196611.67726373672
2024-04-04,196290.38775873184
2024-04-05,196820.40535211563
2024-04-08,196678.42000818253
2024-04-09,197618.94772577286
2024-04-10,196795.44453668594
2024-04-11,196180.31173181534
2024-04-12,192664.3730187416
2024-04-15,190307.9681611061
2024-04-16,187929.23460245132
2024-04-17,185313.21357011795
2024-04-18,184480.60835123062
2024-04-19,186483.79004526138
2024-04-22,189393.6768040657
2024-04-23,193402.3663392067
2024-04-24,193348.41622781754
2024-04-25,189147.60402727127
2024-04-26,188495.30966806412
2024-04-29,190154.5377869606
2024-04-30,188382.5343194008
2024-05-01,186998.96071481705
2024-05-02,188243.59676980972
2024-05-03,190012.28381967545
2024-05-06,191058.21308755875
2024-05-07,191867.7854332924
2024-05-08,190286.79992723465
2024-05-09,191614.3126835823
2024-05-10,191265.4911122322
2024-05-13,190785.44481515884
2024-05-14,191360.9983048439
2024-05-15,192458.97228860855
2024-05-16,193024.54007577896
2024-05-17,193024.54007577896
2024-05-20,193024.54007577896
2024-05-21,193024.54007577896
2024-05-22,193023.0019288063
2024-05-23,192678.16950845718
2024-05-24,193982.83385324478
2024-05-28,190475.754427433
2024-05-29,188508.49836206436
2024-05-30,189727.67107629776
2024-05-31,195606.7386956215
2024-06-03,193521.64705133438
2024-06-04,194920.07269906998
2024-06-05,197963.99680185318
2024-06-06,196551.78574991226
2024-06-07,196989.66065073013
2024-06-10,198182.2868180275
2024-06-11,196980.0507798195
2024-06-12,204281.5898156166
2024-06-13,203895.66716241837
2024-06-14,200944.20295381546
2024-06-17,202079.06614732742
2024-06-18,202551.91662073135
2024-06-20,202882.7639889717
2024-06-21,202298.92723321915
2024-06-24,204250.73353624344
2024-06-25,203514.76328897476
2024-06-26,204238.43487215042
2024-06-27,204598.8933148384
2024-06-28,204530.19232416153
2024-07-01,201562.28083372116
2024-07-02,201334.6483654976
2024-07-03,202761.42799139023
2024-07-05,203192.09268522263
2024-07-08,205022.47353601456
2024-07-09,205478.76938199997
2024-07-10,207041.94216680527
2024-07-11,210772.21628522873
2024-07-12,211235.9803328514
2024-07-15,209282.3821158409
2024-07-16,211858.6402335167
2024-07-17,211758.9813284874
2024-07-18,211620.0538687706
2024-07-19,211620.0538687706
2024-07-22,211620.0538687706
2024-07-23,211620.0538687706
2024-07-24,211620.0538687706
2024-07-25,211948.61710119247
2024-07-26,212518.49754858017
2024-07-29,212811.96175146103
2024-07-30,212192.8557639122
2024-07-31,213694.4793753624
2024-08-01,213645.66063451767
2024-08-02,213472.6979727745
2024-08-05,210577.54681158066
2024-08-06,212069.90009069443
2024-08-07,210703.37462377548
2024-08-08,214891.33034276962
2024-08-09,214859.93356847763
2024-08-12,213275.33039617538
2024-08-13,214376.15463781357
2024-08-14,214342.95576238632
2024-08-15,216039.00035619736
2024-08-16,216308.66132116318
2024-08-19,216903.7717795372
2024-08-20,216903.7717795372
2024-08-21,216903.7717795372
2024-08-22,217703.58182668686
2024-08-23,217934.63852643967
2024-08-26,217756.90274953842
2024-08-27,217401.43119573593
2024-08-28,216752.69266843796
2024-08-29,217032.10667943954
2024-08-30,217658.14091062546
2024-09-03,216724.6052260399
2024-09-04,216412.70904302597
2024-09-05,218683.4216990471
2024-09-06,215633.52172613144
2024-09-09,215840.93415784836
2024-09-10,216479.47447538376
2024-09-11,218921.80483102798
2024-09-12,221739.09941339493
2024-09-13,223604.18419885635
2024-09-16,224805.6690506935
2024-09-17,227291.53865098953
2024-09-18,226998.53061532974
2024-09-19,228432.7792019844
2024-09-20,228011.8466038704
2024-09-23,229567.17678117752
2024-09-24,230497.9293026924
2024-09-25,230292.15875673294
2024-09-26,231022.3036236763
2024-09-27,230839.77231264114
2024-09-30,231083.1490292549
2024-10-01,230888.44667482376
2024-10-02,230726.38978242874
2024-10-03,230528.63966035843
2024-10-04,230583.55729341507
2024-10-07,229553.0441555977
2024-10-08,231341.2928891182
2024-10-09,232896.07337617874
2024-10-10,231847.14078760147
2024-10-11,234489.9508213997
2024-10-14,237376.04565095901
2024-10-15,238056.5577225685
2024-10-16,240215.33224916458
2024-10-17,238019.14599847794
2024-10-18,239107.20117807388
2024-10-21,237039.9639992714
2024-10-22,236977.76564264297
2024-10-23,236783.5347313881
2024-10-24,236800.65908288956
2024-10-25,236784.47158288956
2024-10-28,237627.55748987198
2024-10-29,237855.5815758705
2024-10-30,236383.15461206436
2024-10-31,235854.36364221573
2024-11-01,235708.94789361954
2024-11-04,235231.69895792007
2024-11-05,239085.3418955803
2024-11-06,244432.08431768417
2024-11-07,245157.01588201523
2024-11-08,247183.5868973732
2024-11-11,246603.98858118057
2024-11-12,246213.50079393387
2024-11-13,249080.01903390884
2024-11-14,248867.50945997238
2024-11-15,249627.08043718338
2024-11-18,250650.23585557938
2024-11-19,249839.47383451462
2024-11-20,251066.4159579277
2024-11-21,252200.58465909958
2024-11-22,252659.61759519577
2024-11-25,255499.4562716484
2024-11-26,254630.63478422165
2024-11-27,254351.4960284233
2024-11-29,254396.3851351738
2024-12-02,254358.15614652634
2024-12-03,254523.82509183884
2024-12-04,254523.82509183884
2024-12-05,254086.91976499557
2024-12-06,253109.08579587936
2024-12-09,254336.57407712936
2024-12-10,253734.58454465866
2024-12-11,253520.40436124802
2024-12-12,253525.69924497604
2024-12-13,253342.6009402275
2024-12-16,251666.40138578415
2024-12-17,250804.2772936821
2024-12-18,246696.5275835991
2024-12-19,248089.65254926682
2024-12-20,254217.3604197502
2024-12-23,252998.48115873337
2024-12-24,257706.53465604782
2024-12-26,258146.34958982468
2024-12-27,254429.1258044243
2024-12-30,250031.20832395554
